resistance_ohm,OUT_V,E_V,X_V,current_A,gain_V_per_V,M1_margin_V,M2_margin_V,conducting_saturation
50,1.7970364185554,0.0029635813111152,0.419283239530155,5.92716266556333e-05,-0.0194479279866762,0.119990922727703,1.08555714103694,1
100,1.79407283889622,0.00296358041855816,0.419272822271447,5.9271608804482e-05,-0.0388958269851837,0.119980505256082,1.08259159206608,1
200,1.78814568493543,0.00296357863310782,0.419251983830109,5.92715730954545e-05,-0.0777915379871486,0.119959666388841,1.07666049871264,1
500,1.77036426593795,0.0029635732740652,0.419189437095118,5.92714659145394e-05,-0.194477974482354,0.119897118375497,1.05886725537893,1
1000,1.74072871072017,0.00296356433334416,0.419085087702568,5.92712871000143e-05,-0.388953043263933,0.119792766850216,1.02921197237993,1
2000,1.68145813816828,0.00296354641813022,0.418875994804057,5.92709287955263e-05,-0.777894433008288,0.119583669678187,0.969901866988294,1
5000,1.50365074806775,0.00296349240061315,0.418245543362241,5.92698484445546e-05,-1.94464806182298,0.118953205350961,0.791975256137493,1
10000,1.20731968850783,0.00296340145367417,0.41718408102761,5.92680295047133e-05,-3.88899852522716,0.117891721321727,0.495443394088056,1
15000,0.911007171829209,0.00296330933837243,0.416108984101226,5.92661871976033e-05,-5.83304333529304,0.116816602422035,0.198927398328365,1
20000,0.615178842703824,0.00296205282063489,0.401444067422778,5.92410568281859e-05,-7.70008294178249,0.102151386012021,-0.0996863461062617,0
25000,0.355239092337509,0.00288952177021717,0.256485328039089,5.77904356747752e-05,-3.79225823953032,-0.0428246554878901,-0.38822464669358,0
30000,0.263511500894418,0.0025608141312097,0.191155276932235,5.12162828288526e-05,-1.53302864530746,-0.10823313024298,-0.493548425645486,0
40000,0.181484005026696,0.0020231449697983,0.132053522247721,4.0462899540795e-05,-0.735942630010034,-0.167463202541949,-0.588312134214796,0
