VB_V,OUT_V,E_V,X_V,I_VDD_A,M1_margin_V,M2_margin_V,M1_gm_S,M2_gm_S
0.9,1.3438982417423,0.0022805087067095,0.157278477171798,-4.56101758257695e-05,-0.14217682025992,0.92959156715361,0.000207624932762583,0.000354904052786801
0.902,1.34176581754843,0.00229117082767062,0.158419687665987,-4.58234182451565e-05,-0.141033065182593,0.925705571117735,0.000209146400335227,0.000355715863344215
0.904,1.33964368918022,0.00230178146950259,0.15956452791881,-4.60356310819778e-05,-0.139885692651629,0.921830490170138,0.000210672924789242,0.000356521716462161
0.906,1.33753200038317,0.00231233991347787,0.160713008795962,-4.62467999616829e-05,-0.138734691972582,0.917966469161943,0.000212204522719409,0.000357321599143432
0.908,1.33543089556375,0.00232284543756411,0.161865141358529,-4.64569104436251e-05,-0.137580052256398,0.914113653641276,0.000213741210995462,0.000358115498088396
0.91,1.33334051986143,0.00233329731606391,0.163020936963234,-4.66659480138565e-05,-0.136421762319254,0.910272189946757,0.000215283006897643,0.0003589033995267
0.912,1.33126101915441,0.00234369481958633,0.164180407239415,-4.68738980845584e-05,-0.135259810705595,0.906442225208025,0.000216829928085913,0.000359685289256495
0.914,1.32919254007977,0.00235403721494599,0.165343564092492,-4.70807459920233e-05,-0.134094185684683,0.902623907366479,0.000218381992604932,0.000360461152639055
0.916,1.32713523005399,0.00236432376506037,0.166510419707552,-4.72864769946013e-05,-0.132924875247039,0.898817385196374,0.000219939218889181,0.00036123097459323
0.918,1.32508923729389,0.00237455372884542,0.167680986553044,-4.74910762706113e-05,-0.131751867100773,0.895022808326309,0.000221501625768253,0.000361994739589707
0.92,1.32305471083784,0.00238472636110925,0.168855277384592,-4.76945289162157e-05,-0.130575148667799,0.891240327261084,0.000223069232472299,0.00036275243164509
0.922,1.32103180056744,0.00239484091244392,0.17003330524892,-4.78968199432559e-05,-0.129394707079933,0.887470093403986,0.000224642058637639,0.000363504034315805
0.924,1.3190206572295,0.00240489662911532,0.171215083487905,-4.809793427705e-05,-0.128210529174866,0.883712259079462,0.000226220124312545,0.000364249530691793
0.926,1.31702143245852,0.00241489275295094,0.172400625742751,-4.82978567541476e-05,-0.127022601492019,0.879966977556253,0.000227803449963203,0.000364988903390012
0.928,1.31503427879956,0.00242482852122551,0.173589945958288,-4.84965721200441e-05,-0.125830910268268,0.87623440307095,0.000229392056479839,0.000365722134547744
0.93,1.31305934973149,0.00243470316654461,0.174783058387412,-4.86940650268506e-05,-0.124635441433535,0.87251469085202,0.00023098596518305,0.000366449205815672
0.932,1.31109679969081,0.00244451591672577,0.175979977595653,-4.88903200309185e-05,-0.123436180606248,0.868807997144311,0.000232585197830308,0.000367170098350764
0.934,1.30914678409582,0.00245426599467751,0.177180718465882,-4.90853215904179e-05,-0.122233113088664,0.86511447923404,0.000234189776622666,0.000367884792808917
0.936,1.30720945937133,0.00246395261827574,0.178385296203162,-4.92790540628673e-05,-0.12102622386204,0.861434295474301,0.000235799724211664,0.000368593269337385
0.938,1.30528498297386,0.00247357500023778,0.179593726339752,-4.94715017026135e-05,-0.11981549758167,0.857767605311085,0.00023741506370644,0.000369295507566962
0.94,1.3033735134174,0.0024831323479938,0.180806024740253,-4.966264865826e-05,-0.118600918571763,0.854114569309858,0.000239035818681058,0.00036999148660394
0.942,1.30147521029959,0.00249262386355552,0.182022207606916,-4.98524789700413e-05,-0.117382470820168,0.850475349182693,0.000240662013182043,0.000370681185021796
0.944,1.29959023432857,0.00250204874338221,0.183242291485113,-5.0040976567143e-05,-0.116160137972935,0.846850107815987,0.000242293671736162,0.000371364580852639
0.946,1.29771874735036,0.00251140617824381,0.184466293268966,-5.02281252649641e-05,-0.114933903328718,0.843239009298772,0.000243930819358411,0.000372041651578395
0.948,1.2958609123768,0.00252069535308107,0.185694230207154,-5.041390876232e-05,-0.113703749833003,0.839642218951661,0.000245573481560268,0.000372712374121702
0.95,1.29401689361415,0.00252991544686271,0.186926119908892,-5.05983106385851e-05,-0.112469660072162,0.836059903356422,0.000247221684358173,0.000373376724836547
0.952,1.29218685649229,0.00253906563243931,0.188161980350092,-5.0781314350771e-05,-0.111231616267328,0.832492230386227,0.000248875454282268,0.000374034679498599
0.954,1.29037096769459,0.00254814507639399,0.189401829879714,-5.09629032305407e-05,-0.109989600268077,0.828939369236591,0.00025053481838541,0.000374686213295248
0.956,1.28856939518846,0.00255715293888974,0.190645687226307,-5.1143060481154e-05,-0.108743593545926,0.825401490457008,0.000252199804252438,0.00037533130081534
0.958,1.28678230825657,0.00256608837351315,0.191893571504749,-5.13217691743429e-05,-0.10749357718763,0.821878765983342,0.000253870440009733,0.000375969916038587
0.96,1.28500987752885,0.00257495052711459,0.193145502223198,-5.14990122471151e-05,-0.106239531888269,0.818371369170967,0.000255546754335061,0.00037660203232466
0.962,1.28325227501518,0.00258373853964462,0.194401499290247,-5.1674772498482e-05,-0.104981437944132,0.814879474828701,0.000257228776467711,0.000377227622401932
0.964,1.28150967413891,0.0025924515439865,0.195661583022308,-5.1849032586109e-05,-0.103719275245371,0.811403259253551,0.000258916536218954,0.00037784665835588
0.966,1.27978224977115,0.00260108866578469,0.196925774151217,-5.20217750228853e-05,-0.102453023268444,0.807942900266313,0.000260610063982803,0.000378459111617122
0.968,1.27807017826589,0.00260964902326916,0.198194093832071,-5.21929821734109e-05,-0.101182661068308,0.804498577248035,0.000262309390747116,0.000379064952949082
0.97,1.27637363749603,0.00261813172707547,0.199466563651318,-5.23626362503969e-05,-0.0999081672703842,0.801070471177394,0.000264014548105031,0.000379664152435267
0.972,1.27469280689023,0.00262653588006026,0.200743205635086,-5.25307193109765e-05,-0.0986295200622651,0.797658764669003,0.00026572556826676,0.000380256679466146
0.974,1.27302786747076,0.00263486057711222,0.202024042257778,-5.26972132529236e-05,-0.0973466971851677,0.794263642012698,0.00026744248407174,0.000380842502725622
0.976,1.27137900189224,0.00264310490495821,0.203309096450936,-5.28620998107757e-05,-0.096059675925118,0.790885289213826,0.000269165329001162,0.000381421590177062
0.978,1.26974639448143,0.00265126794196443,0.204598391612374,-5.30253605518573e-05,-0.0947684331038584,0.787523894034576,0.000270894137190896,0.000381993909048903
0.98,1.268130231278,0.00265934875793246,0.205891951615614,-5.31869768721997e-05,-0.0934729450694686,0.784179646036395,0.000272628943444814,0.000382559425819785
0.982,1.26653070007644,0.00266734641388992,0.207189800819605,-5.3346929992356e-05,-0.0921731876866925,0.780852736623511,0.000274369783248532,0.00038311810620322
0.984,1.26494799046897,0.00267525996187566,0.208491964078757,-5.3505200953103e-05,-0.0908691363269535,0.777543359087643,0.000276116692783584,0.000383669915131761
0.986,1.2633822938897,0.00268308844471913,0.209798466753299,-5.36617706110302e-05,-0.0895607658580559,0.77425170865388,0.00027786970894205,0.000384214816740673
0.988,1.2618338036599,0.00269083089581393,0.211109334719958,-5.38166196340098e-05,-0.0882480506335531,0.770977982527839,0.000279628869341644,0.000384752774351066
0.99,1.26030271503458,0.00269848633888502,0.21242459438299,-5.39697284965414e-05,-0.0869309644817743,0.767722379944103,0.000281394212341287,0.000385283750452482
0.992,1.25878922525029,0.0027060537877497,0.213744272685567,-5.41210774749711e-05,-0.085609480694498,0.764485102216005,0.000283165777057179,0.000385807706684926
0.994,1.25729353357424,0.00271353224607181,0.215068397121528,-5.4270646642576e-05,-0.0842835720152545,0.761266352786809,0.000284943603379392,0.000386324603820288
0.996,1.25581584135488,0.00272092070710913,0.21639699574752,-5.44184158645118e-05,-0.0829532106272492,0.758066337282337,0.000286727731989001,0.000386834401743177
0.998,1.25435635207384,0.00272821815345351,0.217730097195534,-5.45643647926161e-05,-0.0816183681408866,0.7548852635651,0.000288518204375772,0.000387337059431102
1,1.25291527139936,0.00273542355676373,0.219067730685856,-5.47084728600642e-05,-0.0802790155808846,0.751723341789986,0.000290315062856434,0.000387832534934002
1.002,1.2514928072413,0.00274253587749043,0.220409926040445,-5.48507192758697e-05,-0.0789351233729591,0.748580784461574,0.000292118350593554,0.000388320785353092
1.004,1.25008916980776,0.00274955406459318,0.221756713696765,-5.49910830192242e-05,-0.077586661330066,0.745457806493133,0.000293928111615036,0.000388801766819002
1.006,1.24870457166329,0.00275647705524914,0.223108124722068,-5.51295428336709e-05,-0.0762335986381798,0.742354625267366,0.000295744390834271,0.000389275434469163
1.008,1.24733922778895,0.00276330377455305,0.224464190828174,-5.52660772211051e-05,-0.0748759038415913,0.739271460698975,0.000297567234070975,0.00038974174242444
1.01,1.24599335564407,0.0027700331352082,0.225824944386741,-5.54006644355928e-05,-0.0735135448277073,0.736208535299126,0.000299396688072714,0.000390200643764957
1.012,1.24466717522996,0.00277666403720806,0.227190418445065,-5.55332824770037e-05,-0.0721464888113305,0.733166074241871,0.000301232800537174,0.000390652090505096
1.014,1.24336090915552,0.00278319536750811,0.22856064674242,-5.56639090844477e-05,-0.0707747023183967,0.730144305432622,0.00030307562013519,0.000391096033567624
1.016,1.24207478270491,0.00278962599968756,0.22993566372696,-5.57925217295093e-05,-0.0693981511691505,0.727143459578756,0.000304925196534571,0.000391532422756927
1.018,1.2408090239073,0.00279595479360049,0.231315504573218,-5.59190976092702e-05,-0.0680168004607343,0.724163770262437,0.000306781580424749,0.000391961206731298
1.02,1.23956386360888,0.00280218059501593,0.232700205200209,-5.60436136391118e-05,-0.0666306145491666,0.72120547401575,0.000308644823542286,0.000392382332974252
1.022,1.23833953554711,0.00280830223524664,0.234089802290184,-5.6166046445289e-05,-0.0652395570306828,0.718268810398229,0.000310514978697289,0.000392795747764826
1.024,1.23713627642735,0.00281431853076573,0.235484333308035,-5.62863723572648e-05,-0.0638435907224141,0.715354022076905,0.000312392099800751,0.000393201396146807
1.026,1.23595432600203,0.00282022828281107,0.236883836521411,-5.64045673997965e-05,-0.0624426776423742,0.712461354908957,0.000314276241892867,0.000393599221896867
1.028,1.23479392715237,0.00282603027697654,0.238288351021546,-5.65206072847624e-05,-0.0610367789887216,0.709591058027085,0.000316167461172376,0.000393989167491523
1.03,1.23365532597282,0.0028317232827899,0.239697916744851,-5.66344674027177e-05,-0.0596258551182734,0.706743383927724,0.000318065815026956,0.000394371174072917
1.032,1.23253877185831,0.00283730605327646,0.241112574495291,-5.67461228141693e-05,-0.0582098655242292,0.703918588562219,0.000319971362064731,0.000394745181413314
1.034,1.23144451759446,0.00284277732450808,0.242532365967593,-5.68555482405544e-05,-0.0567887688130759,0.701116931431088,0.000321884162146935,0.000395111127878302
1.036,1.23037281945086,0.0028481358151368,0.243957333771303,-5.69627180549142e-05,-0.0553625226806333,0.698338675681514,0.000323804276421785,0.000395468950388609
1.038,1.22932393727755,0.0028533802259124,0.24538752145576,-5.70676062722448e-05,-0.0539310838872065,0.695584088208202,0.000325731767359614,0.000395818584380493
1.04,1.22829813460487,0.00285850923918322,0.246822973535994,-5.71701865395132e-05,-0.052494408231797,0.692853439757759,0.000327666698789333,0.000396159963764626
1.042,1.22729567874675,0.00286352151837951,0.24826373551962,-5.72704321253247e-05,-0.051052450525338,0.69014700503674,0.000329609135936262,0.000396493020883413
1.044,1.22631684090777,0.0028684157074784,0.249709853934758,-5.73683159092226e-05,-0.0496051645629032,0.687465062823551,0.000331559145461417,0.000396817686466667
1.046,1.22536189629395,0.00287319043044979,0.251161376359025,-5.74638103706049e-05,-0.0481525030948396,0.684807896084365,0.000333516795502302,0.000397133889585569
1.048,1.22443112422757,0.0028778442906822,0.252618351449666,-5.75568875772425e-05,-0.0466944177967831,0.682175792093236,0.000335482155715287,0.000397441557604825
1.05,1.22352480826624,0.00288237587038764,0.254080828974858,-5.76475191733761e-05,-0.0452308592384913,0.679569042556625,0.000337455297319644,0.00039774061613294
1.052,1.22264323632623,0.00288678372998465,0.255548859846254,-5.77356763673767e-05,-0.0437617768514464,0.676987943742521,0.000339436293143321,0.000398030988970519
1.054,1.22178670081056,0.00289106640745819,0.25702249615283,-5.7821329918944e-05,-0.0422871188951641,0.674432796614401,0.000341425217670539,0.000398312598056495
1.056,1.22095549874174,0.00289522241769564,0.258501791196088,-5.79044501258261e-05,-0.0408068324221467,0.671903906970226,0.000343422147091297,0.000398585363412184
1.058,1.22014993189967,0.0028992502517975,0.259986799526693,-5.7985006810033e-05,-0.0393208632414139,0.669401585586754,0.000345427159352881,0.000398849203083064
1.06,1.21937030696478,0.00290314837636158,0.261477576982603,-5.80629693035218e-05,-0.0378291558805393,0.666926148369399,0.000347440334213484,0.000399104033078158
1.062,1.21861693566674,0.00290691523273955,0.262974180728781,-5.81383064333262e-05,-0.0363316535461196,0.664477916507925,0.000349461753298026,0.000399349767306908
1.064,1.21789013493895,0.00291054923626432,0.264476669298559,-5.82109865061046e-05,-0.0348282980825943,0.662057216638253,0.000351491500156304,0.000399586317513407
1.066,1.21719022707925,0.00291404877544676,0.26598510263674,-5.82809772920751e-05,-0.033319029929335,0.659664381010703,0.000353529660323578,0.000399813593207852
1.068,1.2165175399169,0.00291741221114045,0.267499542144531,-5.83482460083096e-05,-0.0318037880759107,0.657299747664976,0.000355576321383724,0.000400031501595085
1.07,1.21587240698649,0.00292063787567252,0.269020050726403,-5.84127593013513e-05,-0.0302825100154399,0.654963660612236,0.000357631573035087,0.000400239947500057
1.072,1.21525516770877,0.00292372407193912,0.270546692838972,-5.84744832291233e-05,-0.0287551316959201,0.65265647002465,0.000359695507159178,0.000400438833290057
1.074,1.2146661675791,0.00292666907246339,0.272079534542019,-5.85333832420895e-05,-0.0272215874694372,0.650378532432772,0.00036176821789236,0.000400628058793542
1.076,1.2141057583637,0.00292947111841436,0.273618643551755,-5.85894241636304e-05,-0.0256818100391331,0.648130210931193,0.000363849801700693,0.000400807521215376
1.078,1.21357429830411,0.00293212841858415,0.275164089296457,-5.86425701695893e-05,-0.0241357304038116,0.645911875392897,0.000365940357458101,0.000400977115048275
1.08,1.21307215233051,0.00293463914832191,0.27671594297461,-5.86927847669493e-05,-0.0225832778000573,0.643723902692754,0.000368039986528044,0.000401136731980276
1.082,1.21259969228412,0.00293700144842147,0.278274277615679,-5.8740030771588e-05,-0.0210243796417235,0.641566676940713,0.000370148792848899,0.000401286260797979
1.084,1.21215729714935,0.0029392134239608,0.279839168143673,-5.8784270285065e-05,-0.0194589614566473,0.639440589725156,0.000372266883023234,0.000401425587285353
1.086,1.21174535329616,0.00294127314309008,0.281410691443655,-5.88254646703843e-05,-0.017886946820429,0.637346040367022,0.000374394366411233,0.000401554594117826
1.088,1.21136425473321,0.00294317863576589,0.282988926431362,-5.88635745266786e-05,-0.0163082572871164,0.635283436185281,0.000376531355228465,0.000401673160751414
1.09,1.2110144033725,0.00294492789242833,0.284573954126117,-5.88985596627498e-05,-0.0147228123166067,0.633253192774414,0.000378677964648279,0.000401781163306594
1.092,1.21069620930594,0.00294651886261775,0.286165857727226,-5.8930379069406e-05,-0.0131305291985792,0.631255734294564,0.000380834312909087,0.000401878474446605
1.094,1.2104100910948,0.00294794945352775,0.287764722694067,-5.89589908905196e-05,-0.0115313229727533,0.629291493775114,0.000383000521426819,0.000401964963249858
1.096,1.21015647607263,0.00294921752849062,0.289370636830092,-5.89843523927369e-05,-0.00992510634525134,0.627360913432466,0.000385176714912858,0.000402040495076098
1.098,1.20993580066243,0.00295032090539128,0.290983690370965,-5.90064199337569e-05,-0.00831178960083179,0.625464445002849,0.000387363021497792,0.000402104931425948
1.1,1.20974851070905,0.00295125735500545,0.292603976077114,-5.9025148929095e-05,-0.00669128051074153,0.623602550091072,0.000389559572861335,0.000402158129793418
1.102,1.20959506182761,0.00295202459925749,0.294231589330945,-5.90404938172387e-05,-0.00506348423591396,0.621775700536185,0.000391766504368795,0.000402199943510948
1.104,1.209475919769,0.00295262030939295,0.295866628239023,-5.90524080230995e-05,-0.00342830322522791,0.619984378795057,0.000393983955214496,0.000402230221586538
1.106,1.20939156080346,0.00295304210406059,0.297509193739525,-5.90608439196536e-05,-0.00178563710850771,0.618229078345013,0.000396212068572605,0.000402248808532425
1.108,1.20934247212341,0.00295328754729828,0.299159389715315,-5.90657527876591e-05,-0.000135382583935362,0.6165103041067,0.000398450991755818,0.000402255544184806
1.11,1.20931399136712,0.00295342995091567,0.300814139340288,-5.90686008632881e-05,0.00151940101042908,0.614812775493886,0.000398652481798663,0.000402255355333487
1.112,1.20928562629637,0.0029535717761053,0.302469139780154,-5.90714373703625e-05,0.00317443528170269,0.613115139181969,0.000398671861604073,0.000402255125400658
1.114,1.20925725743209,0.00295371362026258,0.304124365469814,-5.90742742567905e-05,0.00482969480729184,0.611417271142319,0.000398691244024431,0.000402254894531439
1.116,1.20922888478143,0.00295385548335178,0.305779815983197,-5.90771115218571e-05,0.00648517916111641,0.609719171860483,0.000398710629054739,0.000402254662658329
1.118,1.20920050835237,0.0029539973653329,0.307435490855281,-5.90799491647628e-05,0.0081408878781451,0.608020841813134,0.00039873001668954,0.000402254429780956
1.12,1.2091721281529,0.0029541392661661,0.309091389622614,-5.90827871847102e-05,0.00979682049491665,0.606322281475306,0.000398749406923399,0.000402254195898992
1.122,1.20914374419094,0.00295428118581165,0.310747511823331,-5.90856255809054e-05,0.0114529765495562,0.604623491320405,0.000398768799750898,0.00040225396101211
1.124,1.20911535647443,0.00295442312423,0.312403856997146,-5.90884643525568e-05,0.0131093555817687,0.602924471820216,0.000398788195166639,0.000402253725119985
1.126,1.20908696501125,0.00295456508138168,0.314060424685346,-5.90913034988753e-05,0.0147659571328306,0.601225223444918,0.000398807593165241,0.00040225348822229
1.128,1.20905856980925,0.0029547070572274,0.315717214430779,-5.90941430190751e-05,0.0164227807455825,0.599525746663078,0.000398826993741342,0.0004022532503187
1.13,1.20903017087627,0.00295484905172797,0.317374225777854,-5.90969829123725e-05,0.0180798259644219,0.597826041941674,0.000398846396889597,0.000402253011408892
1.132,1.20900176822013,0.00295499106484437,0.319031458272526,-5.90998231779866e-05,0.0197370923352959,0.596126109746091,0.000398865802604682,0.000402252771492541
1.134,1.20897336184861,0.00295513309653767,0.320688911462293,-5.91026638151393e-05,0.0213945794056931,0.594425950540135,0.000398885210881288,0.000402252530569326
1.136,1.20894495176945,0.00295527514676911,0.322346584896188,-5.91055048230552e-05,0.0230522867246369,0.592725564786036,0.000398904621714126,0.000402252288638924
1.138,1.20891653799039,0.00295541721550003,0.324004478124771,-5.91083462009612e-05,0.0247102138426781,0.591024952944461,0.000398924035097923,0.000402252045701015
1.14,1.20888812051913,0.00295555930269193,0.325662590700121,-5.91111879480872e-05,0.0263683603118873,0.589324115474516,0.000398943451027427,0.000402251801755279
1.142,1.20885969936335,0.00295570140830641,0.327320922175833,-5.91140300636653e-05,0.0280267256858487,0.587623052833757,0.0003989628694974,0.000402251556801396
1.144,1.2088312745307,0.00295584353230523,0.328979472107005,-5.91168725469304e-05,0.0296853095196526,0.585921765478195,0.000398982290502625,0.000402251310839046
1.146,1.2088028460288,0.00295598567465025,0.330638240050234,-5.911971539712e-05,0.0313441113698862,0.584220253862304,0.0003990017140379,0.000402251063867914
1.148,1.20877441386526,0.00295612783530347,0.332297225563609,-5.91225586134743e-05,0.03300313079463,0.582518518439029,0.000399021140098041,0.000402250815887681
1.15,1.20874597804764,0.00295627001422703,0.333956428206704,-5.91254021952356e-05,0.0346623673534488,0.580816559659794,0.000399040568677883,0.000402250566898031
1.152,1.20871753858351,0.00295641221138317,0.335615847540571,-5.91282461416491e-05,0.0363218206073847,0.579114377974507,0.000399059999772277,0.000402250316898649
1.154,1.20868909548037,0.0029565544267343,0.33727548312773,-5.91310904519625e-05,0.0379814901189503,0.577411973831567,0.000399079433376091,0.000402250065889219
1.156,1.20866064874574,0.0029566966602429,0.338935334532169,-5.9133935125426e-05,0.0396413754521228,0.575709347677871,0.000399098869484211,0.000402249813869428
1.158,1.20863219838708,0.00295683891187161,0.340595401319329,-5.91367801612922e-05,0.0413014761723355,0.574006499958826,0.00039911830809154,0.000402249560838963
1.16,1.20860374441184,0.0029569811815832,0.342255683056103,-5.91396255588161e-05,0.0429617918464726,0.572303431118349,0.000399137749192997,0.00040224930679751
1.162,1.20857528682744,0.00295712346934054,0.343916179310827,-5.91424713172557e-05,0.0446223220428614,0.570600141598878,0.000399157192783519,0.000402249051744757
1.164,1.20854682564129,0.00295726577510663,0.345576889653274,-5.91453174358707e-05,0.0462830663312653,0.568896631841378,0.00039917663885806,0.000402248795680395
1.166,1.20851836086076,0.00295740809884462,0.347237813654647,-5.91481639139241e-05,0.0479440242828782,0.567192902285344,0.000399196087411589,0.000402248538604113
1.168,1.2084898924932,0.00295755044051773,0.348898950887571,-5.91510107506805e-05,0.0496051954703179,0.565488953368821,0.000399215538439094,0.000402248280515599
1.17,1.20846142054593,0.00295769280008936,0.35056030092609,-5.91538579454074e-05,0.0512665794676178,0.563784785528391,0.000399234991935578,0.000402248021414547
1.172,1.20843294502625,0.00295783517752299,0.352221863345655,-5.91567054973748e-05,0.0529281758502216,0.562080399199196,0.000399254447896062,0.000402247761300648
1.174,1.20840446594145,0.00295797757278223,0.353883637723124,-5.91595534058548e-05,0.0545899841949778,0.560375794814938,0.000399273906315581,0.000402247500173593
1.176,1.20837598329877,0.00295811998583083,0.355545623636749,-5.91624016701225e-05,0.05625200408013,0.558670972807881,0.00039929336718919,0.000402247238033078
1.178,1.20834749710546,0.00295826241663262,0.357207820666174,-5.91652502894544e-05,0.0579142350853147,0.556965933608874,0.000399312830511956,0.000402246974878794
1.18,1.20831900736869,0.00295840486515159,0.358870228392429,-5.91680992631304e-05,0.0595766767915509,0.555260677647334,0.000399332296278966,0.000402246710710438
1.182,1.20829051409568,0.00295854733135183,0.360532846397918,-5.91709485904321e-05,0.0612393287812359,0.553555205351275,0.000399351764485321,0.000402246445527705
1.184,1.20826201729356,0.00295868981519754,0.36219567426642,-5.91737982706435e-05,0.0629021906381398,0.551849517147303,0.000399371235126139,0.000402246179330291
1.186,1.20823351696948,0.00295883231665304,0.363858711583077,-5.91766483030515e-05,0.064565261947396,0.550143613460617,0.000399390708196553,0.000402245912117892
1.188,1.20820501313055,0.00295897483568279,0.365521957934391,-5.91794986869446e-05,0.0662285422954982,0.548437494715031,0.000399410183691714,0.000402245643890207
1.19,1.20817650578386,0.00295911737225135,0.367185412908217,-5.91823494216143e-05,0.0678920312702921,0.546731161332967,0.000399429661606786,0.000402245374646933
1.192,1.20814799493646,0.00295925992632337,0.368849076093755,-5.91852005063538e-05,0.0695557284609705,0.545024613735469,0.000399449141936951,0.00040224510438777
1.194,1.20811948059541,0.00295940249786366,0.370512947081548,-5.9188051940459e-05,0.0712196334580668,0.543317852342205,0.000399468624677407,0.000402244833112417
1.196,1.20809096276772,0.00295954508683712,0.37217702546347,-5.91909037232281e-05,0.0728837458534473,0.541610877571474,0.000399488109823364,0.000402244560820575
1.198,1.20806244146039,0.00295968769320877,0.373841310832726,-5.91937558539612e-05,0.0745480652403083,0.539903689840217,0.000399507597370053,0.000402244287511944
1.2,1.20803391668039,0.00295983031694374,0.375505802783841,-5.91966083319612e-05,0.0762125912131671,0.538196289564015,0.000399527087312717,0.000402244013186226
1.202,1.20800538843467,0.00295997295800727,0.377170500912658,-5.91994611565329e-05,0.0778773233678576,0.536488677157101,0.000399546579646614,0.000402243737843124
1.204,1.20797685673016,0.00296011561636473,0.378835404816328,-5.92023143269837e-05,0.0795422613015236,0.534780853032363,0.000399566074367019,0.000402243461482342
1.206,1.20794832157377,0.00296025829198158,0.380500514093308,-5.92051678426224e-05,0.0812074046126135,0.533072817601357,0.000399585571469223,0.000402243184103582
1.208,1.20791978297239,0.00296040098482339,0.382165828343354,-5.92080217027611e-05,0.0828727529008735,0.531364571274302,0.00039960507094853,0.000402242905706549
1.21,1.20789124093286,0.00296054369485589,0.383831347167511,-5.92108759067136e-05,0.0845383057673426,0.529656114460092,0.00039962457280026,0.00040224262629095
1.212,1.20786269546204,0.00296068642204484,0.385497070168114,-5.92137304537958e-05,0.0862040628143467,0.527947447566308,0.000399644077019748,0.000402242345856488
1.214,1.20783414656674,0.00296082916635618,0.387162996948777,-5.92165853433261e-05,0.087870023645492,0.526238570999209,0.000399663583602346,0.00040224206440287
1.216,1.20780559425375,0.00296097192775592,0.38882912711439,-5.92194405746248e-05,0.0895361878656599,0.524529485163755,0.000399683092543418,0.000402241781929805
1.218,1.20777703852985,0.0029611147062102,0.390495460271111,-5.92222961470147e-05,0.0912025550810009,0.522820190463595,0.000399702603838344,0.000402241498437
1.22,1.20774847940179,0.00296125750168526,0.392161996026364,-5.92251520598205e-05,0.0928691248989296,0.521110687301092,0.000399722117482519,0.000402241213924163
1.222,1.20771991687631,0.00296140031414744,0.393828733988827,-5.92280083123692e-05,0.0945358969281183,0.519400976077313,0.000399741633471354,0.000402240928391004
1.224,1.2076913509601,0.00296154314356319,0.395495673768434,-5.92308649039899e-05,0.0962028707784912,0.517691057192042,0.000399761151800271,0.000402240641837232
1.226,1.20766278165986,0.0029616859898991,0.397162814976365,-5.92337218340138e-05,0.0978700460612196,0.515980931043788,0.000399780672464711,0.000402240354262558
1.228,1.20763420898226,0.00296182885312181,0.398830157225038,-5.92365791017744e-05,0.0995374223887162,0.514270598029782,0.000399800195460127,0.000402240065666693
1.23,1.20760563293393,0.00296197173319812,0.40049770012811,-5.92394367066072e-05,0.101204999374628,0.512560058545992,0.000399819720781987,0.000402239776049349
1.232,1.2075770535215,0.00296211463009489,0.402165443300467,-5.92422946478497e-05,0.102872776633834,0.510849312987124,0.000399839248425773,0.000402239485410237
1.234,1.20754847075158,0.00296225754377912,0.40383338635822,-5.92451529248418e-05,0.104540753782437,0.509138361746627,0.000399858778386982,0.000402239193749073
1.236,1.20751988463075,0.0029624004742179,0.405501528918697,-5.92480115369253e-05,0.106208930437757,0.507427205216702,0.000399878310661126,0.000402238901065569
1.238,1.20749129516556,0.00296254342137842,0.407169870600441,-5.92508704834441e-05,0.10787730621833,0.505715843788302,0.000399897845243729,0.000402238607359439
1.24,1.20746270236256,0.00296268638522799,0.408838411023206,-5.92537297637441e-05,0.1095458807439,0.504004277851145,0.000399917382130331,0.000402238312630399
1.242,1.20743410622826,0.002962829365734,0.410507149807944,-5.92565893771734e-05,0.111214653635415,0.502292507793716,0.000399936921316487,0.000402238016878164
1.244,1.20740550676918,0.00296297236286396,0.412176086576808,-5.92594493230821e-05,0.112883624515016,0.500580534003266,0.000399956462797762,0.000402237720102451
1.246,1.20737690399177,0.00296311537658549,0.413845220953142,-5.92623096008225e-05,0.114552793006043,0.498868356865829,0.00039997600656974,0.000402237422302977
1.248,1.20734829790251,0.00296325840686628,0.415514552561479,-5.92651702097487e-05,0.116222158733018,0.49715597676622,0.000399995552628015,0.000402237123479458
1.25,1.20731968850783,0.00296340145367416,0.41718408102753,-5.92680311492169e-05,0.117891721321647,0.495443394088042,0.000400015100968198,0.000402236823631614
1.252,1.20729107581415,0.00296354451697704,0.418853805978187,-5.92708924185854e-05,0.119561480398813,0.493730609213691,0.000400034651585911,0.000402236522759163
1.254,1.20726245982785,0.00296368759674292,0.42052372704151,-5.92737540172146e-05,0.121231435592568,0.492017622524362,0.00040005420447679,0.000402236220861825
1.256,1.20723384055534,0.00296383069293993,0.422193843846727,-5.92766159444664e-05,0.122901586532134,0.490304434400058,0.000400073759636488,0.000402235917939319
1.258,1.20720521800294,0.00296397380553627,0.423864156024227,-5.92794781997055e-05,0.124571932847892,0.488591045219581,0.000400093317060668,0.000402235613991367
1.26,1.20717659217702,0.00296411693450027,0.425534663205556,-5.92823407822979e-05,0.126242474171378,0.48687745536056,0.000400112876745008,0.00040223530901769
1.262,1.20714796308388,0.00296426007980032,0.427205365023409,-5.9285203691612e-05,0.127913210135283,0.485163665199436,0.000400132438685199,0.00040223500301801
1.264,1.20711933072982,0.00296440324140495,0.428876261111628,-5.9288066927018e-05,0.129584140373439,0.483449675111477,0.000400152002876946,0.000402234695992049
1.266,1.20709069512112,0.00296454641928275,0.430547351105197,-5.92909304878879e-05,0.131255264520823,0.48173548547078,0.000400171569315967,0.00040223438793953
1.268,1.20706205626404,0.00296468961340245,0.432218634640235,-5.92937943735958e-05,0.132926582213547,0.48002109665028,0.000400191137997994,0.000402234078860177
1.27,1.20703341416482,0.00296483282373283,0.433890111353992,-5.92966585835178e-05,0.134598093088854,0.47830650902175,0.00040021070891877,0.000402233768753715
1.272,1.20700476882968,0.0029649760502428,0.435561780884844,-5.92995231170322e-05,0.136269796785112,0.476591722955805,0.000400230282074055,0.000402233457619869
1.274,1.20697612026481,0.00296511929290136,0.437233642872289,-5.93023879735188e-05,0.137941692941811,0.474876738821916,0.00040024985745962,0.000402233145458363
1.276,1.20694746847641,0.0029652625516776,0.438905696956941,-5.93052531523591e-05,0.13961378119956,0.473161556988407,0.000400269435071247,0.000402232832268925
1.278,1.20691881347063,0.0029654058265407,0.440577942780527,-5.93081186529371e-05,0.141286061200075,0.471446177822463,0.000400289014904735,0.000402232518051281
1.28,1.20689015525361,0.00296554911745995,0.442250379985878,-5.93109844746385e-05,0.142958532586182,0.46973060169013,0.000400308596955893,0.000402232202805159
1.282,1.20686149383149,0.00296569242440473,0.443923008216929,-5.9313850616851e-05,0.144631195001808,0.468014828956328,0.000400328181220545,0.000402231886530286
1.284,1.20683282921036,0.0029658357473445,0.445595827118712,-5.93167170789636e-05,0.146304048091979,0.466298859984853,0.000400347767694527,0.000402231569226392
1.286,1.20680416139632,0.00296597908624884,0.447268836337351,-5.9319583860368e-05,0.147977091502809,0.464582695138377,0.000400367356373687,0.000402231250893204
1.288,1.20677549039543,0.00296612244108741,0.448942035520058,-5.93224509604573e-05,0.149650324881506,0.462866334778459,0.000400386947253887,0.000402230931530453
1.29,1.20674681621374,0.00296626581182995,0.450615424315129,-5.93253183786262e-05,0.151323747876357,0.461149779265548,0.000400406540331001,0.000402230611137869
1.292,1.20671813885728,0.0029664091984463,0.452289002371937,-5.93281861142721e-05,0.152997360136727,0.459433028958983,0.000400426135600917,0.000402230289715184
1.294,1.20668945833207,0.00296655260090642,0.453962769340928,-5.93310541667935e-05,0.154671161313058,0.457716084217007,0.000400445733059532,0.000402229967262129
1.296,1.20666077464409,0.00296669601918033,0.455636724873622,-5.9333922535591e-05,0.156345151056859,0.455998945396763,0.00040046533270276,0.000402229643778435
1.298,1.20663208779933,0.00296683945323814,0.457310868622598,-5.9336791220067e-05,0.158019329020704,0.454281612854304,0.000400484934526525,0.000402229319263835
1.3,1.20660339780374,0.00296698290305007,0.458985200241498,-5.93396602196259e-05,0.159693694858228,0.452564086944594,0.000400504538526764,0.000402228993718063
1.302,1.20657470466327,0.00296712636858643,0.46065971938502,-5.93425295336734e-05,0.161368248224121,0.45084636802152,0.000400524144699426,0.000402228667140852
1.304,1.20654600838382,0.00296726984981759,0.46233442570891,-5.93453991616176e-05,0.163042988774123,0.449128456437885,0.000400543753040472,0.000402228339531937
1.306,1.20651730897132,0.00296741334671406,0.464009318869966,-5.93482691028683e-05,0.164717916165023,0.447410352545419,0.000400563363545877,0.000402228010891054
1.308,1.20648860643163,0.0029675568592464,0.465684398526023,-5.93511393568366e-05,0.166393030054651,0.44569205669479,0.000400582976211627,0.000402227681217935
1.31,1.20645990077064,0.00296770038738526,0.467359664335956,-5.9354009922936e-05,0.168068330101875,0.443973569235594,0.000400602591033719,0.000402227350512319
1.312,1.20643119199419,0.00296784393110141,0.469035115959673,-5.93568808005813e-05,0.169743815966594,0.442254890516373,0.000400622208008165,0.000402227018773943
1.314,1.20640248010811,0.00296798749036568,0.470710753058112,-5.93597519891894e-05,0.171419487309741,0.440536020884611,0.000400641827130987,0.000402226686002542
1.316,1.20637376511821,0.00296813106514899,0.472386575293233,-5.93626234881788e-05,0.173095343793269,0.438816960686743,0.000400661448398218,0.000402226352197855
1.318,1.2063450470303,0.00296827465542236,0.474062582328019,-5.93654952969698e-05,0.174771385080153,0.437097710268155,0.000400681071805907,0.00040222601735962
1.32,1.20631632585016,0.0029684182611569,0.475738773826468,-5.93683674149843e-05,0.176447610834384,0.435378269973195,0.00040070069735011,0.000402225681487576
1.322,1.20628760158354,0.00296856188232379,0.477415149453588,-5.93712398416463e-05,0.178124020720965,0.43365864014517,0.000400720325026899,0.000402225344581463
1.324,1.20625887423619,0.0029687055188943,0.479091708875398,-5.93741125763813e-05,0.179800614405906,0.431938821126357,0.000400739954832355,0.00040222500664102
1.326,1.20623014381384,0.0029688491708398,0.480768451758917,-5.93769856186162e-05,0.18147739155622,0.430218813258005,0.000400759586762571,0.000402224667665987
1.328,1.2062014103222,0.00296899283813174,0.482445377772164,-5.93798589677802e-05,0.18315435183992,0.428498616880335,0.000400779220813654,0.000402224327656107
1.33,1.20617267376696,0.00296913652074165,0.484122486584153,-5.93827326233041e-05,0.184831494926012,0.426778232332548,0.000400798856981721,0.00040222398661112
1.332,1.2061439341538,0.00296928021864114,0.485799777864889,-5.938560658462e-05,0.186508820484494,0.425057659952835,0.0004008184952629,0.000402223644530769
1.334,1.20611519148838,0.00296942393180192,0.487477251285362,-5.9388480851162e-05,0.188186328186351,0.42333690007837,0.000400838135653332,0.000402223301414796
1.336,1.20608644577634,0.00296956766019577,0.489154906517546,-5.93913554223659e-05,0.189864017703548,0.42161595304532,0.000400857778149169,0.000402222957262945
1.338,1.20605769702331,0.00296971140379458,0.490832743234391,-5.93942302976689e-05,0.19154188870903,0.419894819188854,0.000400877422746573,0.00040222261207496
1.34,1.20602894523489,0.00296985516257028,0.492510761109824,-5.93971054765105e-05,0.193219940876718,0.418173498843134,0.00040089706944172,0.000402222265850582
1.342,1.20600019041669,0.00296999893649492,0.49418895981874,-5.9399980958331e-05,0.194898173881498,0.416451992341336,0.000400916718230795,0.000402221918589561
1.344,1.20597143257426,0.00297014272554062,0.495867339037,-5.94028567425734e-05,0.196576587399226,0.414730300015635,0.000400936369109998,0.000402221570291639
1.346,1.20594267171319,0.00297028652967959,0.49754589844143,-5.94057328286812e-05,0.19825518110672,0.413008422197233,0.000400956022075535,0.000402221220956562
1.348,1.20591390783899,0.0029704303488841,0.499224637709809,-5.94086092161005e-05,0.199933954681754,0.411286359216337,0.000400975677123627,0.000402220870584079
1.35,1.20588514095721,0.00297057418312654,0.500903556520874,-5.94114859042785e-05,0.201612907803057,0.409564111402183,0.000400995334250505,0.000402220519173934
1.352,1.20585637107336,0.00297071803237934,0.502582654554312,-5.94143628926641e-05,0.20329204015031,0.407841679083032,0.000401014993452411,0.000402220166725875
1.354,1.20582759819292,0.00297086189661505,0.504261931490752,-5.94172401807083e-05,0.204971351404137,0.406119062586171,0.000401034654725599,0.000402219813239652
1.356,1.20579882232137,0.00297100577580627,0.505941387011771,-5.9420117767863e-05,0.206650841246105,0.404396262237925,0.000401054318066334,0.000402219458715012
1.358,1.20577004346418,0.00297114966992569,0.50762102079988,-5.94229956535821e-05,0.208330509358722,0.402673278363655,0.00040107398347089,0.000402219103151703
1.36,1.20574126162679,0.00297129357894609,0.509300832538528,-5.94258738373211e-05,0.210010355425428,0.400950111287765,0.000401093650935554,0.000402218746549477
1.362,1.20571247681463,0.00297143750284032,0.510980821912091,-5.9428752318537e-05,0.211690379130594,0.399226761333703,0.000401113320456624,0.000402218388908082
1.364,1.20568368903311,0.00297158144158131,0.512660988605874,-5.94316310966887e-05,0.213370580159518,0.397503228823966,0.000401132992030407,0.000402218030227269
1.366,1.20565489828764,0.00297172539514208,0.514341332306106,-5.94345101712361e-05,0.215050958198422,0.395779514080108,0.000401152665653223,0.00040221767050679
1.368,1.20562610458359,0.00297186936349571,0.516021852699932,-5.94373895416411e-05,0.216731512934446,0.394055617422738,0.000401172341321402,0.000402217309746396
1.37,1.20559730792632,0.00297201334661538,0.517702549475415,-5.94402692073674e-05,0.218412244055646,0.392331539171525,0.000401192019031283,0.00040221694794584
1.372,1.2055685083212,0.00297215734447434,0.51938342232153,-5.94431491678796e-05,0.220093151250989,0.390607279645206,0.000401211698779218,0.000402216585104873
1.374,1.20553970577356,0.0029723013570459,0.521064470928158,-5.94460294226444e-05,0.221774234210352,0.388882839161586,0.000401231380561569,0.000402216221223249
1.376,1.2055109002887,0.00297244538430348,0.522745694986086,-5.94489099711299e-05,0.223455492624514,0.387158218037541,0.000401251064374709,0.000402215856300722
1.378,1.20548209187194,0.00297258942622056,0.524427094187,-5.94517908128056e-05,0.225136926185156,0.385433416589026,0.00040127075021502,0.000402215490337046
1.38,1.20545328052857,0.00297273348277068,0.526108668223484,-5.94546719471426e-05,0.226818534584855,0.383708435131077,0.000401290438078897,0.000402215123331974
1.382,1.20542446626386,0.0029728775539275,0.527790416789016,-5.94575533736138e-05,0.228500317517083,0.38198327397781,0.000401310127962742,0.000402214755285264
1.384,1.20539564908307,0.00297302163966472,0.529472339577962,-5.94604350916934e-05,0.230182274676199,0.380257933442432,0.000401329819862971,0.000402214386196669
1.386,1.20536682899143,0.00297316573995612,0.531154436285575,-5.94633171008571e-05,0.23186440575745,0.37853241383724,0.000401349513776008,0.000402214016065947
1.388,1.20533800599418,0.00297330985477557,0.53283670660799,-5.9466199400582e-05,0.233546710456965,0.376806715473629,0.000401369209698289,0.000402213644892853
1.39,1.20530918009653,0.00297345398409702,0.534519150242221,-5.94690819903471e-05,0.235229188471752,0.375080838662088,0.000401388907626259,0.000402213272677146
1.392,1.20528035130367,0.00297359812789447,0.536201766886156,-5.94719648696327e-05,0.236911839499694,0.373354783712213,0.000401408607556373,0.000402212899418583
1.394,1.20525151962079,0.00297374228614201,0.537884556238559,-5.94748480379205e-05,0.238594663239545,0.371628550932703,0.000401428309485098,0.000402212525116921
1.396,1.20522268505306,0.0029738864588138,0.539567517999057,-5.94777314946936e-05,0.24027765939093,0.36990214063137,0.000401448013408911,0.000402212149771919
1.398,1.20519384760563,0.0029740306458841,0.541250651868144,-5.94806152394371e-05,0.241960827654334,0.368175553115134,0.000401467719324296,0.000402211773383337
1.4,1.20516500728363,0.0029741748473272,0.542933957547177,-5.9483499271637e-05,0.243644167731109,0.366448788690038,0.000401487427227751,0.000402211395950933
1.402,1.20513616409219,0.00297431906311749,0.544617434738368,-5.94863835907812e-05,0.245327679323461,0.36472184766124,0.000401507137115782,0.000402211017474469
1.404,1.20510731803641,0.00297446329322943,0.546301083144783,-5.94892681963588e-05,0.247011362134451,0.362994730333026,0.000401526848984906,0.000402210637953704
1.406,1.20507846912139,0.00297460753763756,0.547984902470343,-5.94921530878604e-05,0.248695215867991,0.361267437008809,0.000401546562831648,0.0004022102573884
1.408,1.20504961735222,0.00297475179631648,0.549668892419812,-5.9495038264778e-05,0.250379240228841,0.359539967991132,0.000401566278652547,0.000402209875778316
1.41,1.20502076273395,0.00297489606924086,0.5513530526988,-5.94979237266054e-05,0.252063434922606,0.35781232358167,0.000401585996444146,0.000402209493123217
1.412,1.20499190527162,0.00297504035638546,0.553037383013759,-5.95008094728374e-05,0.253747799655729,0.356084504081241,0.000401605716203004,0.000402209109422864
1.414,1.2049630449703,0.0029751846577251,0.554721883071976,-5.95036955029704e-05,0.255432334135492,0.354356509789801,0.000401625437925685,0.000402208724677021
1.416,1.20493418183497,0.00297532897323467,0.556406552581572,-5.95065818165026e-05,0.257117038070013,0.352628341006451,0.000401645161608767,0.00040220833888545
1.418,1.20490531587067,0.00297547330288915,0.558091391251502,-5.9509468412933e-05,0.258801911168236,0.35089999802944,0.000401664887248833,0.000402207952047915
1.42,1.20487644708238,0.00297561764666355,0.559776398791545,-5.95123552917623e-05,0.260486953139937,0.349171481156173,0.000401684614842479,0.00040220756416418
1.422,1.20484757547507,0.00297576200453299,0.561461574912304,-5.9515242452493e-05,0.262172163695714,0.347442790683201,0.000401704344386311,0.000402207175234012
1.424,1.20481870105372,0.00297590637647265,0.563146919325206,-5.95181298946281e-05,0.263857542546986,0.345713926906243,0.000401724075876942,0.000402206785257173
1.426,1.20478982382327,0.00297605076245778,0.564832431742492,-5.95210176176731e-05,0.265543089405989,0.343984890120173,0.000401743809310997,0.000402206394233431
1.428,1.20476094378866,0.00297619516246369,0.56651811187722,-5.95239056211339e-05,0.267228803985775,0.342255680619034,0.000401763544685109,0.000402206002162551
1.43,1.20473206095481,0.00297633957646577,0.568203959443258,-5.95267939045186e-05,0.268914686000206,0.340526298696034,0.000401783281995921,0.000402205609044301
1.432,1.20470317532664,0.00297648400443948,0.569889974155282,-5.95296824673361e-05,0.270600735163952,0.338796744643556,0.000401803021240087,0.000402205214878446
1.434,1.20467428690903,0.00297662844636034,0.571576155728772,-5.95325713090969e-05,0.272286951192488,0.337067018753156,0.000401822762414267,0.000402204819664755
1.436,1.20464539570687,0.00297677290220395,0.57326250388001,-5.95354604293131e-05,0.273973333802089,0.335337121315567,0.000401842505515135,0.000402204423402996
1.438,1.20461650172502,0.00297691737194597,0.574949018326076,-5.9538349827498e-05,0.275659882709831,0.333607052620704,0.000401862250539369,0.000402204026092937
1.44,1.20458760496834,0.00297706185556214,0.576635698784848,-5.95412395031661e-05,0.277346597633584,0.331876812957669,0.000401881997483661,0.000402203627734346
1.442,1.20455870544167,0.00297720635302825,0.578322544974992,-5.95441294558331e-05,0.279033478292009,0.330146402614751,0.00040190174634471,0.000402203228326995
1.444,1.20452980314983,0.00297735086432017,0.580009556615966,-5.95470196850168e-05,0.280720524404558,0.328415821879426,0.000401921497119224,0.00040220282787065
1.446,1.20450089809764,0.00297749538941384,0.581696733428011,-5.95499101902359e-05,0.282407735691468,0.326685071038368,0.000401941249803922,0.000402202426365085
1.448,1.2044719902899,0.00297763992828525,0.583384075132154,-5.95528009710101e-05,0.284095111873758,0.324954150377449,0.000401961004395531,0.000402202023810067
1.45,1.20444307973139,0.00297778448091049,0.5850715814502,-5.95556920268611e-05,0.285782652673228,0.323223060181739,0.000401980760890786,0.000402201620205371
1.452,1.20441416642688,0.00297792904726568,0.58675925210473,-5.95585833573115e-05,0.287470357812455,0.321491800735511,0.000402000519286433,0.000402201215550766
1.454,1.20438525038114,0.00297807362732703,0.588447086819101,-5.95614749618854e-05,0.289158227014787,0.31976037232225,0.000402020279579226,0.000402200809846024
1.456,1.20435633159892,0.0029782182210708,0.590135085317437,-5.95643668401083e-05,0.290846260004347,0.318028775224642,0.000402040041765929,0.000402200403090919
1.458,1.20432741008493,0.00297836282847334,0.591823247324634,-5.95672589915065e-05,0.292534456506021,0.316297009724595,0.000402059805843315,0.000402199995285223
1.46,1.20429848584391,0.00297850744951104,0.59351157256635,-5.95701514156085e-05,0.294222816245462,0.314565076103225,0.000402079571808164,0.00040219958642871
1.462,1.20426955888057,0.00297865208416036,0.595200060769005,-5.95730441119432e-05,0.295911338949087,0.312832974640877,0.000402099339657267,0.000402199176521152
1.464,1.20424062919958,0.00297879673239785,0.596888711659778,-5.95759370800416e-05,0.297600024344066,0.311100705617105,0.000402119109387424,0.000402198765562324
1.466,1.20421169680565,0.00297894139420009,0.598577524966603,-5.95788303194353e-05,0.29928887215833,0.309368269310699,0.000402138880995441,0.000402198353552003
1.468,1.20418276170342,0.00297908606954376,0.600266500418168,-5.95817238296577e-05,0.300977882120562,0.307635665999672,0.000402158654478137,0.00040219794048996
1.47,1.20415382389757,0.00297923075840556,0.60195563774391,-5.95846176102433e-05,0.302667053960191,0.305902895961268,0.000402178429832337,0.000402197526375973
1.472,1.20412488339272,0.00297937546076229,0.603644936674014,-5.95875116607279e-05,0.304356387407397,0.304169959471967,0.000402198207054876,0.000402197111209818
1.474,1.20409594019351,0.00297952017659081,0.605334396939409,-5.95904059806485e-05,0.306045882193104,0.302436856807485,0.000402217986142595,0.00040219669499127
1.476,1.20406699430456,0.00297966490586804,0.607024018271763,-5.95933005695434e-05,0.307735538048975,0.300703588242778,0.000402237767092349,0.000402196277720108
1.478,1.20403804573047,0.00297980964857095,0.608713800403486,-5.95961954269525e-05,0.309425354707414,0.298970154052044,0.000402257549900996,0.000402195859396106
1.48,1.20400909447584,0.00297995440467659,0.61040374306772,-5.95990905524164e-05,0.311115331901557,0.297236554508727,0.000402277334565407,0.000402195440019045
1.482,1.20398014054523,0.00298009917416206,0.612093845998344,-5.96019859454773e-05,0.312805469365278,0.295502789885522,0.000402297121082458,0.000402195019588701
1.484,1.20395118394321,0.00298024395700454,0.613784108929962,-5.96048816056786e-05,0.314495766833177,0.293768860454373,0.000402316909449037,0.000402194598104853
1.486,1.20392222467435,0.00298038875318125,0.615474531597909,-5.96077775325651e-05,0.316186224040581,0.292034766486477,0.000402336699662038,0.00040219417556728
1.488,1.20389326274318,0.0029805335626695,0.617165113738242,-5.96106737256824e-05,0.317876840723543,0.290300508252294,0.000402356491718364,0.000402193751975761
1.49,1.20386429815422,0.00298067838544664,0.618855855087741,-5.96135701845777e-05,0.319567616618837,0.288566086021539,0.000402376285614928,0.000402193327330076
1.492,1.203835330912,0.00298082322149008,0.620546755383903,-5.96164669087998e-05,0.321258551463956,0.286831500063189,0.000402396081348649,0.000402192901630006
1.494,1.20380636102102,0.00298096807077731,0.622237814364945,-5.96193638978976e-05,0.322949644997109,0.285096750645494,0.000402415878916457,0.000402192474875329
1.496,1.20377738848578,0.00298111293328586,0.623929031769792,-5.96222611514223e-05,0.324640896957218,0.283361838035964,0.000402435678315287,0.000402192047065828
1.498,1.20374841331074,0.00298125780899335,0.625620407338082,-5.9625158668926e-05,0.326332307083916,0.281626762501386,0.000402455479542087,0.000402191618201285
1.5,1.20371943550038,0.00298140269787743,0.627311940810163,-5.96280564499618e-05,0.328023875117543,0.27989152430782,0.000402475282593808,0.000402191188281481
1.502,1.20369045505916,0.00298154759991582,0.629003631927085,-5.96309544940843e-05,0.329715600799146,0.278156123720601,0.000402495087467413,0.000402190757306197
1.504,1.20366147199151,0.00298169251508632,0.630695480430602,-5.96338528008491e-05,0.331407483870472,0.276420561004344,0.000402514894159872,0.000402190325275217
1.506,1.20363248630187,0.00298183744336676,0.632387486063167,-5.96367513698133e-05,0.33309952407397,0.274684836422947,0.000402534702668164,0.000402189892188324
1.508,1.20360349799465,0.00298198238473505,0.634079648567932,-5.96396502005346e-05,0.334791721152787,0.272948950239598,0.000402554512989275,0.000402189458045301
1.51,1.20357450707428,0.00298212733916915,0.63577196768874,-5.96425492925723e-05,0.33648407485076,0.271212902716765,0.0004025743251202,0.000402189022845933
1.512,1.20354551354513,0.00298227230664708,0.637464443170131,-5.96454486454872e-05,0.338176584912424,0.269476694116209,0.000402594139057941,0.000402188586590001
1.514,1.20351651741159,0.00298241728714694,0.63915707475733,-5.96483482588408e-05,0.339869251082999,0.267740324698986,0.00040261395479951,0.000402188149277294
1.516,1.20348751867804,0.00298256228064685,0.640849862196251,-5.96512481321958e-05,0.341562073108392,0.266003794725447,0.000402633772341925,0.000402187710907594
1.518,1.20345851734884,0.00298270728712503,0.64254280523349,-5.96541482651164e-05,0.343255050735197,0.264267104455241,0.000402653591682213,0.000402187271480687
1.52,1.20342951342832,0.00298285230655972,0.644235903616327,-5.96570486571675e-05,0.344948183710686,0.262530254147319,0.000402673412817409,0.00040218683099636
1.522,1.20340050692084,0.00298299733892925,0.64592915709272,-5.9659949307916e-05,0.346641471782813,0.260793244059932,0.000402693235744557,0.000402186389454398
1.524,1.20337149783071,0.00298314238421199,0.647622565411302,-5.96628502169287e-05,0.348334914700206,0.259056074450647,0.000402713060460706,0.000402185946854588
1.526,1.20334248616225,0.00298328744238638,0.649316128321383,-5.96657513837748e-05,0.350028512212169,0.257318745576328,0.000402732886962916,0.000402185503196717
1.528,1.20331347191976,0.0029834325134309,0.65100984557294,-5.96686528080239e-05,0.351722264068675,0.255581257693159,0.000402752715248253,0.000402185058480573
1.53,1.20328445510753,0.0029835775973241,0.652703716916624,-5.96715544892468e-05,0.353416170020369,0.253843611056637,0.000402772545313792,0.000402184612705942
1.532,1.20325543572984,0.0029837226940446,0.654397742103748,-5.96744564270161e-05,0.355110229818559,0.25210580592157,0.000402792377156615,0.000402184165872615
1.534,1.20322641379095,0.00298386780357105,0.656091920886291,-5.96773586209046e-05,0.356804443215219,0.250367842542092,0.000402812210773811,0.000402183717980379
1.536,1.20319738929513,0.00298401292588218,0.657786253016892,-5.96802610704867e-05,0.358498809962984,0.248629721171659,0.00040283204616248,0.000402183269029022
1.538,1.20316836224661,0.00298415806095674,0.659480738248851,-5.96831637753385e-05,0.360193329815148,0.246891442063043,0.000402851883319726,0.000402182819018336
1.54,1.20313933264964,0.0029843032087736,0.661175376336122,-5.96860667350358e-05,0.361888002525659,0.245153005468354,0.000402871722242662,0.000402182367948109
1.542,1.20311030050843,0.00298444836931162,0.662870167033314,-5.96889699491571e-05,0.363582827849123,0.243414411639024,0.00040289156292841,0.00040218191581813
1.544,1.20308126582719,0.00298459354254976,0.664565110095689,-5.96918734172809e-05,0.365277805540795,0.241675660825818,0.000402911405374098,0.000402181462628192
1.546,1.20305222861013,0.00298473872846701,0.666260205279156,-5.96947771389873e-05,0.36697293535658,0.239936753278839,0.000402931249576862,0.000402181008378084
1.548,1.20302318886142,0.00298488392704244,0.667955452340271,-5.96976811138575e-05,0.368668217053029,0.238197689247522,0.000402951095533846,0.000402180553067599
1.55,1.20299414658526,0.00298502913825515,0.669650851036237,-5.97005853414735e-05,0.37036365038734,0.236458468980647,0.000402970943242201,0.000402180096696527
1.552,1.20296510178581,0.00298517436208431,0.671346401124893,-5.97034898214193e-05,0.372059235117347,0.234719092726325,0.000402990792699086,0.000402179639264661
1.554,1.20293605446721,0.00298531959850915,0.673042102364725,-5.97063945532785e-05,0.37375497100153,0.232979560732027,0.000403010643901668,0.000402179180771794
1.556,1.20290700463363,0.00298546484750893,0.67473795451485,-5.9709299536637e-05,0.375450857799004,0.231239873244557,0.000403030496847119,0.000402178721217717
1.558,1.20287795228918,0.002985610109063,0.676433957335024,-5.97122047710815e-05,0.377146895269516,0.229500030510077,0.000403050351532622,0.000402178260602224
1.56,1.202848897438,0.00298575538315073,0.678130110585632,-5.97151102561996e-05,0.37884308317345,0.227760032774093,0.000403070207955365,0.00040217779892511
1.562,1.2028198400842,0.00298590066975157,0.679826414027694,-5.971801599158e-05,0.380539421271817,0.226019880281471,0.000403090066112543,0.000402177336186167
1.564,1.20279078023187,0.002986045968845,0.681522867422852,-5.97209219768127e-05,0.382235909326259,0.224279573276431,0.000403109926001362,0.000402176872385189
1.566,1.20276171788511,0.00298619128041059,0.683219470533379,-5.97238282114888e-05,0.383932547099039,0.222539112002549,0.00040312978761903,0.000402176407521972
1.568,1.202732653048,0.00298633660442792,0.684916223122166,-5.97267346952001e-05,0.385629334353047,0.220798496702764,0.000403149650962767,0.000402175941596311
1.57,1.2027035857246,0.00298648194087665,0.686613124952729,-5.97296414275397e-05,0.387326270851793,0.219057727619382,0.000403169516029797,0.000402175474608001
1.572,1.20267451591898,0.0029866272897365,0.688310175789202,-5.97325484081018e-05,0.389023356359405,0.217316804994069,0.000403189382817353,0.000402175006556838
1.574,1.20264544363518,0.00298677265098721,0.690007375396333,-5.97354556364816e-05,0.390720590640628,0.215575729067861,0.000403209251322676,0.000402174537442618
1.576,1.20261636887725,0.00298691802460861,0.691704723539487,-5.97383631122754e-05,0.392417973460821,0.213834500081164,0.000403229121543011,0.000402174067265137
1.578,1.20258729164919,0.00298706341058056,0.69340221998464,-5.97412708350805e-05,0.394115504585956,0.212093118273757,0.000403248993475614,0.000402173596024192
1.58,1.20255821195505,0.00298720880888297,0.695099864498378,-5.9744178804495e-05,0.395813183782612,0.210351583884797,0.000403268867117745,0.000402173123719581
1.582,1.20252912979881,0.00298735421949583,0.696797656847892,-5.9747087020119e-05,0.397511010817979,0.208609897152808,0.000403288742466673,0.000402172650351101
1.584,1.20250004518448,0.00298749964239914,0.698495596800982,-5.97499954815522e-05,0.399208985459849,0.206868058315706,0.000403308619519674,0.000402172175918551
1.586,1.20247095811604,0.00298764507757299,0.700193684126049,-5.97529041883964e-05,0.400907107476619,0.205126067610781,0.00040332849827403,0.000402171700421726
1.588,1.20244186859746,0.0029877905249975,0.701891918592094,-5.97558131402543e-05,0.402605376637287,0.203383925274707,0.00040334837872703,0.000402171223860429
1.59,1.20241277663271,0.00298793598465285,0.703590299968719,-5.97587223367292e-05,0.404303792711447,0.201641631543548,0.000403368260875973,0.000402170746234457
1.592,1.20238368222574,0.00298808145651927,0.70528882802612,-5.97616317774257e-05,0.406002355469294,0.199899186652754,0.000403388144718161,0.000402170267543609
1.594,1.20235458538051,0.00298822694057703,0.706987502535091,-5.97645414619493e-05,0.407701064681614,0.198156590837168,0.000403408030250905,0.000402169787787685
1.596,1.20232548610093,0.00298837243680648,0.708686323267013,-5.97674513899071e-05,0.409399920119786,0.196413844331015,0.000403427917471522,0.000402169306966486
1.598,1.20229638439094,0.00298851794518798,0.710385289993862,-5.97703615609062e-05,0.41109892155578,0.194670947367934,0.000403447806377337,0.00040216882507981
1.6,1.20226728025445,0.00298866346570198,0.712084402488198,-5.97732719745554e-05,0.412798068762151,0.192927900180945,0.000403467696965683,0.000402168342127461
1.602,1.20223817369536,0.00298880899832895,0.71378366052317,-5.97761826304643e-05,0.414497361512044,0.191184703002475,0.000403487589233896,0.000402167858109238
1.604,1.20220906471756,0.00298895454304942,0.715483063872508,-5.97790935282436e-05,0.416196799579184,0.18944135606435,0.000403507483179322,0.000402167373024943
1.606,1.20217995332495,0.00298910009984398,0.717182612310526,-5.97820046675052e-05,0.417896382737881,0.187697859597798,0.000403527378799313,0.000402166886874379
1.608,1.20215083952139,0.00298924566869327,0.718882305612116,-5.97849160478613e-05,0.419596110763021,0.185954213833458,0.000403547276091228,0.000402166399657346
1.61,1.20212172331074,0.00298939124957796,0.720582143552747,-5.97878276689259e-05,0.421295983430071,0.184210419001373,0.000403567175052432,0.000402165911373648
1.612,1.20209260469686,0.00298953684247879,0.722282125908465,-5.97907395303134e-05,0.422996000515069,0.182466475330997,0.000403587075680298,0.000402165422023088
1.614,1.2020634836836,0.00298968244737652,0.723982252455887,-5.97936516316397e-05,0.42469616179463,0.180722383051194,0.000403606977972205,0.000402164931605469
1.616,1.20203436027479,0.00298982806425201,0.725682522972204,-5.9796563972521e-05,0.426396467045939,0.178978142390248,0.000403626881925538,0.000402164440120594
1.618,1.20200523447425,0.00298997369308611,0.727382937235175,-5.97994765525747e-05,0.428096916046751,0.177233753575858,0.000403646787537689,0.000402163947568267
1.62,1.2019761062858,0.00299011933385977,0.729083495023124,-5.98023893714202e-05,0.429797508575386,0.17548921683513,0.000403666694806058,0.000402163453948293
1.622,1.20194697571324,0.00299026498655396,0.730784196114943,-5.98053024286764e-05,0.43149824441073,0.173744532394608,0.000403686603728051,0.000402162959260476
1.624,1.20191784276036,0.0029904106511497,0.732485040290085,-5.98082157239639e-05,0.433199123332233,0.171999700480247,0.000403706514301079,0.000402162463504622
1.626,1.20188870743096,0.00299055632762806,0.734186027328567,-5.98111292569042e-05,0.434900145119907,0.170254721317431,0.000403726426522562,0.000402161966680534
1.628,1.2018595697288,0.00299070201597016,0.735887157010962,-5.98140430271196e-05,0.43660130955432,0.168509595130971,0.000403746340389924,0.000402161468788019
1.63,1.20183042965766,0.00299084771615719,0.737588429118401,-5.98169570342337e-05,0.438302616416599,0.166764322145102,0.000403766255900599,0.000402160969826884
1.632,1.20180128722129,0.00299099342817034,0.739289843432571,-5.98198712778707e-05,0.440004065488426,0.165018902583496,0.000403786173052023,0.000402160469796935
1.634,1.20177214242344,0.00299113915199088,0.740991399735712,-5.98227857576556e-05,0.441705656552037,0.163273336669258,0.000403806091841643,0.000402159968697976
1.636,1.20174299526785,0.00299128488760013,0.742693097810613,-5.98257004732152e-05,0.443407389390216,0.16152762462492,0.00040382601226691,0.000402159466529817
1.638,1.20171384575824,0.00299143063497945,0.744394937440615,-5.98286154241761e-05,0.445109263786301,0.159781766672459,0.00040384593432528,0.000402158963292264
1.64,1.20168469389833,0.00299157639411023,0.746096918409607,-5.98315306101667e-05,0.446811279524175,0.158035763033286,0.00040386585801422,0.000402158458985123
1.642,1.20165553969184,0.00299172216497393,0.747799040502019,-5.98344460308161e-05,0.448513436388264,0.156289613928254,0.000403885783331199,0.000402157953608206
1.644,1.20162638314246,0.00299186794755206,0.749501303502828,-5.98373616857542e-05,0.450215734163541,0.154543319577661,0.000403905710273694,0.000402157447161318
1.646,1.20159722425388,0.00299201374182615,0.751203707197551,-5.98402775746118e-05,0.451918172635519,0.152796880201248,0.000403925638839189,0.000402156939644268
1.648,1.20156806302979,0.00299215954777779,0.752906251372246,-5.98431936970208e-05,0.45362075159025,0.151050296018202,0.000403945569025173,0.000402156431056866
1.65,1.20153889947386,0.00299230536538864,0.754608935813508,-5.98461100526142e-05,0.455323470814325,0.149303567247158,0.000403965500829143,0.000402155921398921
1.652,1.20150973358975,0.00299245119464036,0.756311760308466,-5.98490266410254e-05,0.457026330094871,0.147556694106205,0.000403985434248601,0.000402155410670243
1.654,1.20148056538111,0.0029925970355147,0.758014724644787,-5.9851943461889e-05,0.458729329219547,0.145809676812882,0.000404005369281054,0.00040215489887064
1.656,1.20145139485159,0.00299274288799342,0.759717828610666,-5.98548605148407e-05,0.460432467976546,0.144062515584182,0.000404025305924019,0.000402154385999924
1.658,1.20142222200483,0.00299288875205835,0.76142107199483,-5.98577777995168e-05,0.46213574615459,0.142315210636556,0.000404045244175016,0.000402153872057905
1.66,1.20139304684445,0.00299303462769135,0.763124454586534,-5.98606953155547e-05,0.463839163542931,0.140567762185912,0.000404065184031572,0.000402153357044395
1.662,1.20136386937407,0.00299318051487435,0.764827976175561,-5.98636130625925e-05,0.465542719931345,0.138820170447621,0.000404085125491222,0.000402152840959202
1.664,1.2013346895973,0.00299332641358928,0.766531636552215,-5.98665310402697e-05,0.467246415110134,0.137072435636509,0.000404105068551503,0.000402152323802141
1.666,1.20130550751774,0.00299347232381816,0.768235435507327,-5.98694492482258e-05,0.468950248870123,0.135324557966876,0.000404125013209962,0.000402151805573023
1.668,1.20127632313897,0.00299361824554304,0.769939372832245,-5.98723676861024e-05,0.470654221002658,0.133576537652476,0.00040414495946415,0.00040215128627166
1.67,1.20124713646459,0.002993764178746,0.771643448318841,-5.98752863535407e-05,0.472358331299604,0.131828374906544,0.000404164907311626,0.000402150765897862
1.672,1.20121794749816,0.00299391012340919,0.773347661759499,-5.98782052501839e-05,0.474062579553343,0.130080069941772,0.000404184856749954,0.000402150244451446
1.674,1.20118875624325,0.00299405607951477,0.775052012947122,-5.98811243756751e-05,0.475766965556772,0.128331622970335,0.000404204807776703,0.000402149721932222
1.676,1.20115956270341,0.00299420204704498,0.776756501675127,-5.98840437296592e-05,0.477471489103305,0.126583034203871,0.000404224760389449,0.000402149198340005
1.678,1.20113036688218,0.00299434802598209,0.778461127737439,-5.98869633117817e-05,0.479176149986863,0.124834303853495,0.000404244714585775,0.000402148673674608
1.68,1.20110116878311,0.0029944940163084,0.780165890928499,-5.98898831216885e-05,0.480880948001881,0.123085432129804,0.000404264670363268,0.000402148147935846
1.682,1.20107196840973,0.00299464001800627,0.781870791043252,-5.98928031590268e-05,0.482585882943301,0.121336419242872,0.000404284627719522,0.000402147621123532
1.684,1.20104276576555,0.00299478603105811,0.783575827877151,-5.98957234234447e-05,0.484290954606572,0.11958726540225,0.000404304586652138,0.000402147093237482
1.686,1.20101356085409,0.00299493205544636,0.785281001226155,-5.98986439145908e-05,0.485996162787648,0.117837970816975,0.000404324547158721,0.00040214656427751
1.688,1.20098435367885,0.00299507809115349,0.786986310886724,-5.99015646321152e-05,0.487701507282987,0.116088535695564,0.000404344509236883,0.000402146034243431
1.69,1.20095514424332,0.00299522413816205,0.788691756655822,-5.99044855756682e-05,0.489406987889546,0.114338960246025,0.000404364472884241,0.000402145503135062
1.692,1.20092593255098,0.0029953701964546,0.79039733833091,-5.99074067449015e-05,0.491112604404782,0.112589244675847,0.000404384438098419,0.000402144970952218
1.694,1.20089671860533,0.00299551626601376,0.792103055709949,-5.99103281394671e-05,0.492818356626655,0.110839389192018,0.000404404404877046,0.000402144437694715
1.696,1.20086750240982,0.00299566234682219,0.793808908591396,-5.99132497590183e-05,0.494524244353615,0.109089394001008,0.000404424373217757,0.000402143903362371
1.698,1.20083828396791,0.00299580843886259,0.795514896774202,-5.99161716032093e-05,0.496230267384609,0.107339259308782,0.000404444343118194,0.000402143367955001
1.7,1.20080906328305,0.00299595454211769,0.797221020057811,-5.99190936716945e-05,0.497936425519078,0.105588985320805,0.000404464314576003,0.000402142831472422
