frequency_Hz,Ad_real,Ad_imag
1.000000000e+00,2.090548310e+02,-1.200284570e-03
1.029200530e+00,2.090548310e+02,-1.235333510e-03
1.059253730e+00,2.090548310e+02,-1.271405900e-03
1.090184490e+00,2.090548310e+02,-1.308531620e-03
1.122018450e+00,2.090548310e+02,-1.346741440e-03
1.154781980e+00,2.090548310e+02,-1.386067000e-03
1.188502230e+00,2.090548310e+02,-1.426540880e-03
1.223207120e+00,2.090548310e+02,-1.468196630e-03
1.258925410e+00,2.090548310e+02,-1.511068750e-03
1.295686700e+00,2.090548310e+02,-1.555192750e-03
1.333521430e+00,2.090548310e+02,-1.600605200e-03
1.372460960e+00,2.090548310e+02,-1.647343710e-03
1.412537540e+00,2.090548310e+02,-1.695447020e-03
1.453784390e+00,2.090548310e+02,-1.744954970e-03
1.496235660e+00,2.090548310e+02,-1.795908570e-03
1.539926530e+00,2.090548310e+02,-1.848350050e-03
1.584893190e+00,2.090548310e+02,-1.902322840e-03
1.631172910e+00,2.090548310e+02,-1.957871670e-03
1.678804020e+00,2.090548310e+02,-2.015042560e-03
1.727825980e+00,2.090548310e+02,-2.073882860e-03
1.778279410e+00,2.090548310e+02,-2.134441340e-03
1.830206110e+00,2.090548310e+02,-2.196768150e-03
1.883649090e+00,2.090548310e+02,-2.260914940e-03
1.938652640e+00,2.090548310e+02,-2.326934840e-03
1.995262310e+00,2.090548310e+02,-2.394882570e-03
2.053525030e+00,2.090548310e+02,-2.464814400e-03
2.113489040e+00,2.090548310e+02,-2.536788280e-03
2.175204030e+00,2.090548310e+02,-2.610863840e-03
2.238721140e+00,2.090548310e+02,-2.687102440e-03
2.304092980e+00,2.090548310e+02,-2.765567250e-03
2.371373710e+00,2.090548310e+02,-2.846323270e-03
2.440619070e+00,2.090548310e+02,-2.929437410e-03
2.511886430e+00,2.090548310e+02,-3.014978520e-03
2.585234840e+00,2.090548310e+02,-3.103017490e-03
2.660725060e+00,2.090548310e+02,-3.193627230e-03
2.738419630e+00,2.090548310e+02,-3.286882830e-03
2.818382930e+00,2.090548310e+02,-3.382861540e-03
2.900681200e+00,2.090548310e+02,-3.481642880e-03
2.985382620e+00,2.090548310e+02,-3.583308690e-03
3.072557370e+00,2.090548310e+02,-3.687943190e-03
3.162277660e+00,2.090548310e+02,-3.795633080e-03
3.254617830e+00,2.090548310e+02,-3.906467570e-03
3.349654390e+00,2.090548310e+02,-4.020538480e-03
3.447466070e+00,2.090548310e+02,-4.137940320e-03
3.548133890e+00,2.090548310e+02,-4.258770360e-03
3.651741270e+00,2.090548310e+02,-4.383128700e-03
3.758374040e+00,2.090548310e+02,-4.511118370e-03
3.868120550e+00,2.090548310e+02,-4.642845400e-03
3.981071710e+00,2.090548310e+02,-4.778418940e-03
4.097321100e+00,2.090548310e+02,-4.917951290e-03
4.216965030e+00,2.090548310e+02,-5.061558060e-03
4.340102640e+00,2.090548310e+02,-5.209358220e-03
4.466835920e+00,2.090548310e+02,-5.361474230e-03
4.597269890e+00,2.090548310e+02,-5.518032100e-03
4.731512590e+00,2.090548310e+02,-5.679161550e-03
4.869675250e+00,2.090548310e+02,-5.844996060e-03
5.011872340e+00,2.090548310e+02,-6.015673020e-03
5.158221650e+00,2.090548310e+02,-6.191333850e-03
5.308844440e+00,2.090548310e+02,-6.372124060e-03
5.463865500e+00,2.090548310e+02,-6.558193440e-03
5.623413250e+00,2.090548310e+02,-6.749696150e-03
5.787619880e+00,2.090548310e+02,-6.946790830e-03
5.956621440e+00,2.090548310e+02,-7.149640790e-03
6.130557920e+00,2.090548310e+02,-7.358414070e-03
6.309573440e+00,2.090548310e+02,-7.573283630e-03
6.493816320e+00,2.090548310e+02,-7.794427510e-03
6.683439180e+00,2.090548310e+02,-8.022028900e-03
6.878599120e+00,2.090548310e+02,-8.256276370e-03
7.079457840e+00,2.090548310e+02,-8.497364000e-03
7.286181750e+00,2.090548310e+02,-8.745491500e-03
7.498942090e+00,2.090548310e+02,-9.000864460e-03
7.717915160e+00,2.090548310e+02,-9.263694450e-03
7.943282350e+00,2.090548310e+02,-9.534199210e-03
8.175230380e+00,2.090548310e+02,-9.812602850e-03
8.413951420e+00,2.090548310e+02,-1.009913600e-02
8.659643230e+00,2.090548310e+02,-1.039403610e-02
8.912509380e+00,2.090548310e+02,-1.069754750e-02
9.172759350e+00,2.090548310e+02,-1.100992150e-02
9.440608760e+00,2.090548310e+02,-1.133141700e-02
9.716279520e+00,2.090548300e+02,-1.166230030e-02
1.000000000e+01,2.090548300e+02,-1.200284570e-02
1.029200530e+01,2.090548300e+02,-1.235333510e-02
1.059253730e+01,2.090548300e+02,-1.271405900e-02
1.090184490e+01,2.090548300e+02,-1.308531620e-02
1.122018450e+01,2.090548300e+02,-1.346741430e-02
1.154781980e+01,2.090548300e+02,-1.386066990e-02
1.188502230e+01,2.090548300e+02,-1.426540880e-02
1.223207120e+01,2.090548300e+02,-1.468196620e-02
1.258925410e+01,2.090548300e+02,-1.511068740e-02
1.295686700e+01,2.090548300e+02,-1.555192740e-02
1.333521430e+01,2.090548300e+02,-1.600605190e-02
1.372460960e+01,2.090548300e+02,-1.647343700e-02
1.412537540e+01,2.090548300e+02,-1.695447010e-02
1.453784390e+01,2.090548300e+02,-1.744954950e-02
1.496235660e+01,2.090548300e+02,-1.795908560e-02
1.539926530e+01,2.090548300e+02,-1.848350030e-02
1.584893190e+01,2.090548290e+02,-1.902322830e-02
1.631172910e+01,2.090548290e+02,-1.957871660e-02
1.678804020e+01,2.090548290e+02,-2.015042540e-02
1.727825980e+01,2.090548290e+02,-2.073882840e-02
1.778279410e+01,2.090548290e+02,-2.134441310e-02
1.830206110e+01,2.090548290e+02,-2.196768120e-02
1.883649090e+01,2.090548290e+02,-2.260914910e-02
1.938652640e+01,2.090548290e+02,-2.326934820e-02
1.995262310e+01,2.090548280e+02,-2.394882540e-02
2.053525030e+01,2.090548280e+02,-2.464814370e-02
2.113489040e+01,2.090548280e+02,-2.536788240e-02
2.175204030e+01,2.090548280e+02,-2.610863800e-02
2.238721140e+01,2.090548280e+02,-2.687102390e-02
2.304092980e+01,2.090548270e+02,-2.765567200e-02
2.371373710e+01,2.090548270e+02,-2.846323210e-02
2.440619070e+01,2.090548270e+02,-2.929437350e-02
2.511886430e+01,2.090548270e+02,-3.014978460e-02
2.585234840e+01,2.090548270e+02,-3.103017420e-02
2.660725060e+01,2.090548260e+02,-3.193627160e-02
2.738419630e+01,2.090548260e+02,-3.286882750e-02
2.818382930e+01,2.090548260e+02,-3.382861450e-02
2.900681200e+01,2.090548250e+02,-3.481642790e-02
2.985382620e+01,2.090548250e+02,-3.583308590e-02
3.072557370e+01,2.090548250e+02,-3.687943080e-02
3.162277660e+01,2.090548240e+02,-3.795632950e-02
3.254617830e+01,2.090548240e+02,-3.906467430e-02
3.349654390e+01,2.090548230e+02,-4.020538330e-02
3.447466070e+01,2.090548230e+02,-4.137940160e-02
3.548133890e+01,2.090548220e+02,-4.258770180e-02
3.651741270e+01,2.090548220e+02,-4.383128510e-02
3.758374040e+01,2.090548210e+02,-4.511118160e-02
3.868120550e+01,2.090548210e+02,-4.642845180e-02
3.981071710e+01,2.090548200e+02,-4.778418690e-02
4.097321100e+01,2.090548200e+02,-4.917951020e-02
4.216965030e+01,2.090548190e+02,-5.061557760e-02
4.340102640e+01,2.090548180e+02,-5.209357900e-02
4.466835920e+01,2.090548170e+02,-5.361473880e-02
4.597269890e+01,2.090548170e+02,-5.518031720e-02
4.731512590e+01,2.090548160e+02,-5.679161130e-02
4.869675250e+01,2.090548150e+02,-5.844995610e-02
5.011872340e+01,2.090548140e+02,-6.015672530e-02
5.158221650e+01,2.090548130e+02,-6.191333310e-02
5.308844440e+01,2.090548120e+02,-6.372123470e-02
5.463865500e+01,2.090548110e+02,-6.558192800e-02
5.623413250e+01,2.090548090e+02,-6.749695450e-02
5.787619880e+01,2.090548080e+02,-6.946790070e-02
5.956621440e+01,2.090548070e+02,-7.149639960e-02
6.130557920e+01,2.090548050e+02,-7.358413160e-02
6.309573440e+01,2.090548040e+02,-7.573282650e-02
6.493816320e+01,2.090548020e+02,-7.794426440e-02
6.683439180e+01,2.090548000e+02,-8.022027730e-02
6.878599120e+01,2.090547990e+02,-8.256275100e-02
7.079457840e+01,2.090547970e+02,-8.497362610e-02
7.286181750e+01,2.090547950e+02,-8.745489990e-02
7.498942090e+01,2.090547920e+02,-9.000862810e-02
7.717915160e+01,2.090547900e+02,-9.263692650e-02
7.943282350e+01,2.090547880e+02,-9.534197250e-02
8.175230380e+01,2.090547850e+02,-9.812600710e-02
8.413951420e+01,2.090547820e+02,-1.009913370e-01
8.659643230e+01,2.090547790e+02,-1.039403360e-01
8.912509380e+01,2.090547760e+02,-1.069754470e-01
9.172759350e+01,2.090547730e+02,-1.100991850e-01
9.440608760e+01,2.090547700e+02,-1.133141370e-01
9.716279520e+01,2.090547660e+02,-1.166229670e-01
1.000000000e+02,2.090547620e+02,-1.200284170e-01
1.029200530e+02,2.090547580e+02,-1.235333080e-01
1.059253730e+02,2.090547540e+02,-1.271405430e-01
1.090184490e+02,2.090547490e+02,-1.308531110e-01
1.122018450e+02,2.090547440e+02,-1.346740880e-01
1.154781980e+02,2.090547390e+02,-1.386066390e-01
1.188502230e+02,2.090547340e+02,-1.426540220e-01
1.223207120e+02,2.090547280e+02,-1.468195910e-01
1.258925410e+02,2.090547220e+02,-1.511067960e-01
1.295686700e+02,2.090547150e+02,-1.555191890e-01
1.333521430e+02,2.090547090e+02,-1.600604260e-01
1.372460960e+02,2.090547010e+02,-1.647342690e-01
1.412537540e+02,2.090546940e+02,-1.695445900e-01
1.453784390e+02,2.090546860e+02,-1.744953750e-01
1.496235660e+02,2.090546770e+02,-1.795907240e-01
1.539926530e+02,2.090546680e+02,-1.848348600e-01
1.584893190e+02,2.090546580e+02,-1.902321270e-01
1.631172910e+02,2.090546480e+02,-1.957869960e-01
1.678804020e+02,2.090546370e+02,-2.015040690e-01
1.727825980e+02,2.090546250e+02,-2.073880820e-01
1.778279410e+02,2.090546130e+02,-2.134439110e-01
1.830206110e+02,2.090546000e+02,-2.196765720e-01
1.883649090e+02,2.090545870e+02,-2.260912290e-01
1.938652640e+02,2.090545720e+02,-2.326931960e-01
1.995262310e+02,2.090545570e+02,-2.394879430e-01
2.053525030e+02,2.090545410e+02,-2.464810980e-01
2.113489040e+02,2.090545230e+02,-2.536784550e-01
2.175204030e+02,2.090545050e+02,-2.610859770e-01
2.238721140e+02,2.090544860e+02,-2.687098000e-01
2.304092980e+02,2.090544650e+02,-2.765562410e-01
2.371373710e+02,2.090544440e+02,-2.846317990e-01
2.440619070e+02,2.090544210e+02,-2.929431660e-01
2.511886430e+02,2.090543960e+02,-3.014972250e-01
2.585234840e+02,2.090543710e+02,-3.103010650e-01
2.660725060e+02,2.090543430e+02,-3.193619780e-01
2.738419630e+02,2.090543140e+02,-3.286874710e-01
2.818382930e+02,2.090542840e+02,-3.382852690e-01
2.900681200e+02,2.090542510e+02,-3.481633230e-01
2.985382620e+02,2.090542170e+02,-3.583298160e-01
3.072557370e+02,2.090541810e+02,-3.687931720e-01
3.162277660e+02,2.090541420e+02,-3.795620570e-01
3.254617830e+02,2.090541010e+02,-3.906453930e-01
3.349654390e+02,2.090540580e+02,-4.020523610e-01
3.447466070e+02,2.090540120e+02,-4.137924110e-01
3.548133890e+02,2.090539640e+02,-4.258752690e-01
3.651741270e+02,2.090539120e+02,-4.383109430e-01
3.758374040e+02,2.090538580e+02,-4.511097370e-01
3.868120550e+02,2.090538000e+02,-4.642822510e-01
3.981071710e+02,2.090537390e+02,-4.778393980e-01
4.097321100e+02,2.090536740e+02,-4.917924080e-01
4.216965030e+02,2.090536060e+02,-5.061528390e-01
4.340102640e+02,2.090535330e+02,-5.209325880e-01
4.466835920e+02,2.090534560e+02,-5.361438970e-01
4.597269890e+02,2.090533750e+02,-5.517993660e-01
4.731512590e+02,2.090532880e+02,-5.679119640e-01
4.869675250e+02,2.090531970e+02,-5.844950380e-01
5.011872340e+02,2.090531000e+02,-6.015623220e-01
5.158221650e+02,2.090529980e+02,-6.191279550e-01
5.308844440e+02,2.090528890e+02,-6.372064870e-01
5.463865500e+02,2.090527740e+02,-6.558128910e-01
5.623413250e+02,2.090526520e+02,-6.749625800e-01
5.787619880e+02,2.090525230e+02,-6.946714140e-01
5.956621440e+02,2.090523860e+02,-7.149557180e-01
6.130557920e+02,2.090522410e+02,-7.358322920e-01
6.309573440e+02,2.090520880e+02,-7.573184270e-01
6.493816320e+02,2.090519250e+02,-7.794319180e-01
6.683439180e+02,2.090517530e+02,-8.021910800e-01
6.878599120e+02,2.090515710e+02,-8.256147630e-01
7.079457840e+02,2.090513770e+02,-8.497223640e-01
7.286181750e+02,2.090511730e+02,-8.745338490e-01
7.498942090e+02,2.090509560e+02,-9.000697650e-01
7.717915160e+02,2.090507260e+02,-9.263512590e-01
7.943282350e+02,2.090504830e+02,-9.534000950e-01
8.175230380e+02,2.090502260e+02,-9.812386710e-01
8.413951420e+02,2.090499530e+02,-1.009890040e+00
8.659643230e+02,2.090496640e+02,-1.039377920e+00
8.912509380e+02,2.090493580e+02,-1.069726740e+00
9.172759350e+02,2.090490330e+02,-1.100961620e+00
9.440608760e+02,2.090486900e+02,-1.133108420e+00
9.716279520e+02,2.090483260e+02,-1.166193750e+00
1.000000000e+03,2.090479400e+02,-1.200245010e+00
1.029200530e+03,2.090475320e+02,-1.235290380e+00
1.059253730e+03,2.090471000e+02,-1.271358880e+00
1.090184490e+03,2.090466410e+02,-1.308480360e+00
1.122018450e+03,2.090461560e+02,-1.346685560e+00
1.154781980e+03,2.090456420e+02,-1.386006080e+00
1.188502230e+03,2.090450980e+02,-1.426474470e+00
1.223207120e+03,2.090445210e+02,-1.468124220e+00
1.258925410e+03,2.090439100e+02,-1.510989810e+00
1.295686700e+03,2.090432630e+02,-1.555106700e+00
1.333521430e+03,2.090425780e+02,-1.600511380e+00
1.372460960e+03,2.090418520e+02,-1.647241440e+00
1.412537540e+03,2.090410830e+02,-1.695335520e+00
1.453784390e+03,2.090402680e+02,-1.744833410e+00
1.496235660e+03,2.090394050e+02,-1.795776060e+00
1.539926530e+03,2.090384910e+02,-1.848205580e+00
1.584893190e+03,2.090375230e+02,-1.902165350e+00
1.631172910e+03,2.090364970e+02,-1.957699980e+00
1.678804020e+03,2.090354110e+02,-2.014855380e+00
1.727825980e+03,2.090342610e+02,-2.073678810e+00
1.778279410e+03,2.090330420e+02,-2.134218880e+00
1.830206110e+03,2.090317510e+02,-2.196525630e+00
1.883649090e+03,2.090303830e+02,-2.260650550e+00
1.938652640e+03,2.090289350e+02,-2.326646620e+00
1.995262310e+03,2.090274010e+02,-2.394568350e+00
2.053525030e+03,2.090257760e+02,-2.464471850e+00
2.113489040e+03,2.090240540e+02,-2.536414840e+00
2.175204030e+03,2.090222310e+02,-2.610456720e+00
2.238721140e+03,2.090203000e+02,-2.686658600e+00
2.304092980e+03,2.090182540e+02,-2.765083390e+00
2.371373710e+03,2.090160870e+02,-2.845795780e+00
2.440619070e+03,2.090137920e+02,-2.928862360e+00
2.511886430e+03,2.090113600e+02,-3.014351620e+00
2.585234840e+03,2.090087850e+02,-3.102334050e+00
2.660725060e+03,2.090060570e+02,-3.192882170e+00
2.738419630e+03,2.090031680e+02,-3.286070590e+00
2.818382930e+03,2.090001080e+02,-3.381976070e+00
2.900681200e+03,2.089968660e+02,-3.480677560e+00
2.985382620e+03,2.089934320e+02,-3.582256330e+00
3.072557370e+03,2.089897950e+02,-3.686795950e+00
3.162277660e+03,2.089859430e+02,-3.794382390e+00
3.254617830e+03,2.089818630e+02,-3.905104110e+00
3.349654390e+03,2.089775400e+02,-4.019052100e+00
3.447466070e+03,2.089729620e+02,-4.136319930e+00
3.548133890e+03,2.089681130e+02,-4.257003870e+00
3.651741270e+03,2.089629770e+02,-4.381202950e+00
3.758374040e+03,2.089575370e+02,-4.509019000e+00
3.868120550e+03,2.089517750e+02,-4.640556770e+00
3.981071710e+03,2.089456720e+02,-4.775923970e+00
4.097321100e+03,2.089392070e+02,-4.915231400e+00
4.216965030e+03,2.089323600e+02,-5.058592980e+00
4.340102640e+03,2.089251080e+02,-5.206125850e+00
4.466835920e+03,2.089174260e+02,-5.357950470e+00
4.597269890e+03,2.089092900e+02,-5.514190710e+00
4.731512590e+03,2.089006730e+02,-5.674973890e+00
4.869675250e+03,2.088915450e+02,-5.840430940e+00
5.011872340e+03,2.088818780e+02,-6.010696440e+00
5.158221650e+03,2.088716390e+02,-6.185908720e+00
5.308844440e+03,2.088607940e+02,-6.366209970e+00
5.463865500e+03,2.088493080e+02,-6.551746350e+00
5.623413250e+03,2.088371430e+02,-6.742668040e+00
5.787619880e+03,2.088242580e+02,-6.939129370e+00
5.956621440e+03,2.088106120e+02,-7.141288920e+00
6.130557920e+03,2.087961590e+02,-7.349309620e+00
6.309573440e+03,2.087808520e+02,-7.563358840e+00
6.493816320e+03,2.087646400e+02,-7.783608490e+00
6.683439180e+03,2.087474700e+02,-8.010235150e+00
6.878599120e+03,2.087292860e+02,-8.243420130e+00
7.079457840e+03,2.087100280e+02,-8.483349610e+00
7.286181750e+03,2.086896330e+02,-8.730214730e+00
7.498942090e+03,2.086680340e+02,-8.984211690e+00
7.717915160e+03,2.086451590e+02,-9.245541840e+00
7.943282350e+03,2.086209350e+02,-9.514411810e+00
8.175230380e+03,2.085952820e+02,-9.791033590e+00
8.413951420e+03,2.085681150e+02,-1.007562460e+01
8.659643230e+03,2.085393470e+02,-1.036840790e+01
8.912509380e+03,2.085088820e+02,-1.066961200e+01
9.172759350e+03,2.084766220e+02,-1.097947140e+01
9.440608760e+03,2.084424610e+02,-1.129822620e+01
9.716279520e+03,2.084062890e+02,-1.162612260e+01
1.000000000e+04,2.083679860e+02,-1.196341250e+01
1.029200530e+04,2.083274300e+02,-1.231035400e+01
1.059253730e+04,2.082844870e+02,-1.266721130e+01
1.090184490e+04,2.082390200e+02,-1.303425480e+01
1.122018450e+04,2.081908800e+02,-1.341176080e+01
1.154781980e+04,2.081399110e+02,-1.380001220e+01
1.188502230e+04,2.080859500e+02,-1.419929780e+01
1.223207120e+04,2.080288220e+02,-1.460991290e+01
1.258925410e+04,2.079683430e+02,-1.503215870e+01
1.295686700e+04,2.079043190e+02,-1.546634310e+01
1.333521430e+04,2.078365440e+02,-1.591277960e+01
1.372460960e+04,2.077648010e+02,-1.637178810e+01
1.412537540e+04,2.076888620e+02,-1.684369450e+01
1.453784390e+04,2.076084830e+02,-1.732883040e+01
1.496235660e+04,2.075234090e+02,-1.782753340e+01
1.539926530e+04,2.074333710e+02,-1.834014640e+01
1.584893190e+04,2.073380820e+02,-1.886701790e+01
1.631172910e+04,2.072372430e+02,-1.940850120e+01
1.678804020e+04,2.071305350e+02,-1.996495480e+01
1.727825980e+04,2.070176240e+02,-2.053674150e+01
1.778279410e+04,2.068981580e+02,-2.112422820e+01
1.830206110e+04,2.067717620e+02,-2.172778570e+01
1.883649090e+04,2.066380460e+02,-2.234778780e+01
1.938652640e+04,2.064965940e+02,-2.298461120e+01
1.995262310e+04,2.063469730e+02,-2.363863440e+01
2.053525030e+04,2.061887220e+02,-2.431023770e+01
2.113489040e+04,2.060213580e+02,-2.499980150e+01
2.175204030e+04,2.058443740e+02,-2.570770660e+01
2.238721140e+04,2.056572340e+02,-2.643433210e+01
2.304092980e+04,2.054593760e+02,-2.718005530e+01
2.371373710e+04,2.052502090e+02,-2.794525010e+01
2.440619070e+04,2.050291120e+02,-2.873028580e+01
2.511886430e+04,2.047954330e+02,-2.953552580e+01
2.585234840e+04,2.045484870e+02,-3.036132610e+01
2.660725060e+04,2.042875590e+02,-3.120803390e+01
2.738419630e+04,2.040118940e+02,-3.207598540e+01
2.818382930e+04,2.037207050e+02,-3.296550400e+01
2.900681200e+04,2.034131670e+02,-3.387689850e+01
2.985382620e+04,2.030884180e+02,-3.481046070e+01
3.072557370e+04,2.027455540e+02,-3.576646270e+01
3.162277660e+04,2.023836360e+02,-3.674515480e+01
3.254617830e+04,2.020016780e+02,-3.774676230e+01
3.349654390e+04,2.015986580e+02,-3.877148250e+01
3.447466070e+04,2.011735070e+02,-3.981948170e+01
3.548133890e+04,2.007251160e+02,-4.089089160e+01
3.651741270e+04,2.002523300e+02,-4.198580570e+01
3.758374040e+04,1.997539540e+02,-4.310427550e+01
3.868120550e+04,1.992287440e+02,-4.424630620e+01
3.981071710e+04,1.986754180e+02,-4.541185240e+01
4.097321100e+04,1.980926470e+02,-4.660081390e+01
4.216965030e+04,1.974790620e+02,-4.781303020e+01
4.340102640e+04,1.968332520e+02,-4.904827640e+01
4.466835920e+04,1.961537650e+02,-5.030625730e+01
4.597269890e+04,1.954391150e+02,-5.158660230e+01
4.731512590e+04,1.946877750e+02,-5.288885980e+01
4.869675250e+04,1.938981910e+02,-5.421249170e+01
5.011872340e+04,1.930687750e+02,-5.555686720e+01
5.158221650e+04,1.921979170e+02,-5.692125730e+01
5.308844440e+04,1.912839850e+02,-5.830482880e+01
5.463865500e+04,1.903253310e+02,-5.970663810e+01
5.623413250e+04,1.893202960e+02,-6.112562600e+01
5.787619880e+04,1.882672210e+02,-6.256061120e+01
5.956621440e+04,1.871644490e+02,-6.401028560e+01
6.130557920e+04,1.860103360e+02,-6.547320840e+01
6.309573440e+04,1.848032590e+02,-6.694780180e+01
6.493816320e+04,1.835416270e+02,-6.843234640e+01
6.683439180e+04,1.822238890e+02,-6.992497760e+01
6.878599120e+04,1.808485510e+02,-7.142368210e+01
7.079457840e+04,1.794141800e+02,-7.292629600e+01
7.286181750e+04,1.779194250e+02,-7.443050350e+01
7.498942090e+04,1.763630250e+02,-7.593383620e+01
7.717915160e+04,1.747438260e+02,-7.743367410e+01
7.943282350e+04,1.730607960e+02,-7.892724810e+01
8.175230380e+04,1.713130390e+02,-8.041164310e+01
8.413951420e+04,1.694998130e+02,-8.188380350e+01
8.659643230e+04,1.676205420e+02,-8.334053960e+01
8.912509380e+04,1.656748360e+02,-8.477853660e+01
9.172759350e+04,1.636625040e+02,-8.619436470e+01
9.440608760e+04,1.615835680e+02,-8.758449120e+01
9.716279520e+04,1.594382820e+02,-8.894529480e+01
1.000000000e+05,1.572271410e+02,-9.027308190e+01
1.029200530e+05,1.549508990e+02,-9.156410410e+01
1.059253730e+05,1.526105720e+02,-9.281457790e+01
1.090184490e+05,1.502074560e+02,-9.402070700e+01
1.122018450e+05,1.477431300e+02,-9.517870450e+01
1.154781980e+05,1.452194590e+02,-9.628481780e+01
1.188502230e+05,1.426386050e+02,-9.733535410e+01
1.223207120e+05,1.400030200e+02,-9.832670740e+01
1.258925410e+05,1.373154450e+02,-9.925538500e+01
1.295686700e+05,1.345789070e+02,-1.001180360e+02
1.333521430e+05,1.317967100e+02,-1.009114770e+02
1.372460960e+05,1.289724210e+02,-1.016327220e+02
1.412537540e+05,1.261098580e+02,-1.022790040e+02
1.453784390e+05,1.232130710e+02,-1.028478070e+02
1.496235660e+05,1.202863220e+02,-1.033368800e+02
1.539926530e+05,1.173340630e+02,-1.037442660e+02
1.584893190e+05,1.143609080e+02,-1.040683170e+02
1.631172910e+05,1.113716050e+02,-1.043077110e+02
1.678804020e+05,1.083710080e+02,-1.044614660e+02
1.727825980e+05,1.053640480e+02,-1.045289460e+02
1.778279410e+05,1.023556940e+02,-1.045098740e+02
1.830206110e+05,9.935092690e+01,-1.044043280e+02
1.883649090e+05,9.635470240e+01,-1.042127440e+02
1.938652640e+05,9.337192060e+01,-1.039359110e+02
1.995262310e+05,9.040739350e+01,-1.035749620e+02
2.053525030e+05,8.746581420e+01,-1.031313650e+02
2.113489040e+05,8.455172810e+01,-1.026069060e+02
2.175204030e+05,8.166950600e+01,-1.020036750e+02
2.238721140e+05,7.882331970e+01,-1.013240400e+02
2.304092980e+05,7.601711910e+01,-1.005706330e+02
2.371373710e+05,7.325461400e+01,-9.974632000e+01
2.440619070e+05,7.053925710e+01,-9.885417670e+01
2.511886430e+05,6.787423080e+01,-9.789746390e+01
2.585234840e+05,6.526243760e+01,-9.687959840e+01
2.660725060e+05,6.270649220e+01,-9.580412620e+01
2.738419630e+05,6.020871820e+01,-9.467469490e+01
2.818382930e+05,5.777114620e+01,-9.349502690e+01
2.900681200e+05,5.539551600e+01,-9.226889280e+01
2.985382620e+05,5.308328010e+01,-9.100008690e+01
3.072557370e+05,5.083561040e+01,-8.969240240e+01
3.162277660e+05,4.865340650e+01,-8.834961000e+01
3.254617830e+05,4.653730610e+01,-8.697543610e+01
3.349654390e+05,4.448769640e+01,-8.557354480e+01
3.447466070e+05,4.250472760e+01,-8.414752010e+01
3.548133890e+05,4.058832690e+01,-8.270085090e+01
3.651741270e+05,3.873821310e+01,-8.123691800e+01
3.758374040e+05,3.695391230e+01,-7.975898200e+01
3.868120550e+05,3.523477350e+01,-7.827017450e+01
3.981071710e+05,3.357998460e+01,-7.677349010e+01
4.097321100e+05,3.198858770e+01,-7.527177990e+01
4.216965030e+05,3.045949520e+01,-7.376774780e+01
4.340102640e+05,2.899150480e+01,-7.226394710e+01
4.466835920e+05,2.758331370e+01,-7.076277910e+01
4.597269890e+05,2.623353330e+01,-6.926649260e+01
4.731512590e+05,2.494070220e+01,-6.777718490e+01
4.869675250e+05,2.370329930e+01,-6.629680330e+01
5.011872340e+05,2.251975490e+01,-6.482714810e+01
5.158221650e+05,2.138846260e+01,-6.336987590e+01
5.308844440e+05,2.030778920e+01,-6.192650360e+01
5.463865500e+05,1.927608410e+01,-6.049841270e+01
5.623413250e+05,1.829168800e+01,-5.908685490e+01
5.787619880e+05,1.735294060e+01,-5.769295700e+01
5.956621440e+05,1.645818810e+01,-5.631772670e+01
6.130557920e+05,1.560578860e+01,-5.496205800e+01
6.309573440e+05,1.479411880e+01,-5.362673760e+01
6.493816320e+05,1.402157780e+01,-5.231245050e+01
6.683439180e+05,1.328659240e+01,-5.101978590e+01
6.878599120e+05,1.258761970e+01,-4.974924310e+01
7.079457840e+05,1.192315130e+01,-4.850123730e+01
7.286181750e+05,1.129171490e+01,-4.727610520e+01
7.498942090e+05,1.069187730e+01,-4.607411040e+01
7.717915160e+05,1.012224530e+01,-4.489544890e+01
7.943282350e+05,9.581467730e+00,-4.374025380e+01
8.175230380e+05,9.068235810e+00,-4.260860080e+01
8.413951420e+05,8.581284190e+00,-4.150051240e+01
8.659643230e+05,8.119391090e+00,-4.041596240e+01
8.912509380e+05,7.681378480e+00,-3.935488030e+01
9.172759350e+05,7.266111920e+00,-3.831715550e+01
9.440608760e+05,6.872500280e+00,-3.730264040e+01
9.716279520e+05,6.499495200e+00,-3.631115480e+01
1.000000000e+06,6.146090520e+00,-3.534248850e+01
1.029200530e+06,5.811321470e+00,-3.439640490e+01
1.059253730e+06,5.494263850e+00,-3.347264380e+01
1.090184490e+06,5.194033060e+00,-3.257092410e+01
1.122018450e+06,4.909783090e+00,-3.169094620e+01
1.154781980e+06,4.640705450e+00,-3.083239460e+01
1.188502230e+06,4.386028050e+00,-2.999494010e+01
1.223207120e+06,4.145014050e+00,-2.917824120e+01
1.258925410e+06,3.916960700e+00,-2.838194690e+01
1.295686700e+06,3.701198140e+00,-2.760569760e+01
1.333521430e+06,3.497088230e+00,-2.684912710e+01
1.372460960e+06,3.304023360e+00,-2.611186390e+01
1.412537540e+06,3.121425280e+00,-2.539353260e+01
1.453784390e+06,2.948743920e+00,-2.469375480e+01
1.496235660e+06,2.785456230e+00,-2.401215060e+01
1.539926530e+06,2.631065120e+00,-2.334833940e+01
1.584893190e+06,2.485098270e+00,-2.270194050e+01
1.631172910e+06,2.347107110e+00,-2.207257440e+01
1.678804020e+06,2.216665780e+00,-2.145986340e+01
1.727825980e+06,2.093370050e+00,-2.086343200e+01
1.778279410e+06,1.976836420e+00,-2.028290750e+01
1.830206110e+06,1.866701080e+00,-1.971792090e+01
1.883649090e+06,1.762619060e+00,-1.916810700e+01
1.938652640e+06,1.664263290e+00,-1.863310490e+01
1.995262310e+06,1.571323770e+00,-1.811255840e+01
2.053525030e+06,1.483506730e+00,-1.760611610e+01
2.113489040e+06,1.400533860e+00,-1.711343210e+01
2.175204030e+06,1.322141520e+00,-1.663416570e+01
2.238721140e+06,1.248080050e+00,-1.616798200e+01
2.304092980e+06,1.178113030e+00,-1.571455190e+01
2.371373710e+06,1.112016660e+00,-1.527355210e+01
2.440619070e+06,1.049579080e+00,-1.484466560e+01
2.511886430e+06,9.905997810e-01,-1.442758120e+01
2.585234840e+06,9.348890350e-01,-1.402199400e+01
2.660725060e+06,8.822673150e-01,-1.362760540e+01
2.738419630e+06,8.325647840e-01,-1.324412310e+01
2.818382930e+06,7.856207840e-01,-1.287126070e+01
2.900681200e+06,7.412833620e-01,-1.250873830e+01
2.985382620e+06,6.994088110e-01,-1.215628220e+01
3.072557370e+06,6.598612330e-01,-1.181362480e+01
3.162277660e+06,6.225121340e-01,-1.148050450e+01
3.254617830e+06,5.872400230e-01,-1.115666590e+01
3.349654390e+06,5.539300470e-01,-1.084185980e+01
3.447466070e+06,5.224736310e-01,-1.053584250e+01
3.548133890e+06,4.927681490e-01,-1.023837640e+01
3.651741270e+06,4.647165990e-01,-9.949229860e+00
3.758374040e+06,4.382273020e-01,-9.668176560e+00
3.868120550e+06,4.132136190e-01,-9.394996010e+00
3.981071710e+06,3.895936750e-01,-9.129473200e+00
4.097321100e+06,3.672901020e-01,-8.871398500e+00
4.216965030e+06,3.462297950e-01,-8.620567630e+00
4.340102640e+06,3.263436830e-01,-8.376781510e+00
4.466835920e+06,3.075665050e-01,-8.139846190e+00
4.597269890e+06,2.898366060e-01,-7.909572720e+00
4.731512590e+06,2.730957370e-01,-7.685777090e+00
4.869675250e+06,2.572888750e-01,-7.468280070e+00
5.011872340e+06,2.423640380e-01,-7.256907160e+00
5.158221650e+06,2.282721260e-01,-7.051488450e+00
5.308844440e+06,2.149667580e-01,-6.851858550e+00
5.463865500e+06,2.024041250e-01,-6.657856460e+00
5.623413250e+06,1.905428480e-01,-6.469325480e+00
5.787619880e+06,1.793438450e-01,-6.286113120e+00
5.956621440e+06,1.687702020e-01,-6.108070980e+00
6.130557920e+06,1.587870570e-01,-5.935054670e+00
6.309573440e+06,1.493614860e-01,-5.766923700e+00
6.493816320e+06,1.404623930e-01,-5.603541410e+00
6.683439180e+06,1.320604120e-01,-5.444774830e+00
6.878599120e+06,1.241278100e-01,-5.290494650e+00
7.079457840e+06,1.166384000e-01,-5.140575050e+00
7.286181750e+06,1.095674480e-01,-4.994893700e+00
7.498942090e+06,1.028916010e-01,-4.853331610e+00
7.717915160e+06,9.658880350e-02,-4.715773050e+00
7.943282350e+06,9.063823110e-02,-4.582105500e+00
8.175230380e+06,8.502021830e-02,-4.452219520e+00
8.413951420e+06,7.971619580e-02,-4.326008730e+00
8.659643230e+06,7.470862950e-02,-4.203369650e+00
8.912509380e+06,6.998096270e-02,-4.084201710e+00
9.172759350e+06,6.551756220e-02,-3.968407110e+00
9.440608760e+06,6.130366640e-02,-3.855890760e+00
9.716279520e+06,5.732533750e-02,-3.746560240e+00
1.000000000e+07,5.356941500e-02,-3.640325690e+00
1.029200530e+07,5.002347280e-02,-3.537099750e+00
1.059253730e+07,4.667577840e-02,-3.436797500e+00
1.090184490e+07,4.351525410e-02,-3.339336410e+00
1.122018450e+07,4.053144050e-02,-3.244636240e+00
1.154781980e+07,3.771446220e-02,-3.152618990e+00
1.188502230e+07,3.505499520e-02,-3.063208880e+00
1.223207120e+07,3.254423600e-02,-2.976332200e+00
1.258925410e+07,3.017387310e-02,-2.891917350e+00
1.295686700e+07,2.793605870e-02,-2.809894720e+00
1.333521430e+07,2.582338390e-02,-2.730196660e+00
1.372460960e+07,2.382885330e-02,-2.652757430e+00
1.412537540e+07,2.194586230e-02,-2.577513110e+00
1.453784390e+07,2.016817550e-02,-2.504401620e+00
1.496235660e+07,1.848990590e-02,-2.433362580e+00
1.539926530e+07,1.690549520e-02,-2.364337340e+00
1.584893190e+07,1.540969600e-02,-2.297268910e+00
1.631172910e+07,1.399755390e-02,-2.232101870e+00
1.678804020e+07,1.266439160e-02,-2.168782390e+00
1.727825980e+07,1.140579310e-02,-2.107258160e+00
1.778279410e+07,1.021758930e-02,-2.047478320e+00
1.830206110e+07,9.095844060e-03,-1.989393480e+00
1.883649090e+07,8.036841380e-03,-1.932955610e+00
1.938652640e+07,7.037072930e-03,-1.878118050e+00
1.995262310e+07,6.093226520e-03,-1.824835480e+00
2.053525030e+07,5.202175150e-03,-1.773063810e+00
2.113489040e+07,4.360966660e-03,-1.722760250e+00
2.175204030e+07,3.566813940e-03,-1.673883180e+00
2.238721140e+07,2.817085750e-03,-1.626392180e+00
2.304092980e+07,2.109297960e-03,-1.580247950e+00
2.371373710e+07,1.441105360e-03,-1.535412330e+00
2.440619070e+07,8.102939100e-04,-1.491848220e+00
2.511886430e+07,2.147733680e-04,-1.449519560e+00
2.585234840e+07,-3.474295870e-04,-1.408391340e+00
2.660725060e+07,-8.781779120e-04,-1.368429520e+00
2.738419630e+07,-1.379230360e-03,-1.329601030e+00
2.818382930e+07,-1.852247310e-03,-1.291873720e+00
2.900681200e+07,-2.298796240e-03,-1.255216380e+00
2.985382620e+07,-2.720356970e-03,-1.219598660e+00
3.072557370e+07,-3.118326500e-03,-1.184991070e+00
3.162277660e+07,-3.494023680e-03,-1.151364970e+00
3.254617830e+07,-3.848693560e-03,-1.118692520e+00
3.349654390e+07,-4.183511540e-03,-1.086946680e+00
3.447466070e+07,-4.499587200e-03,-1.056101150e+00
3.548133890e+07,-4.797968050e-03,-1.026130390e+00
3.651741270e+07,-5.079642960e-03,-9.970096060e-01
3.758374040e+07,-5.345545430e-03,-9.687146690e-01
3.868120550e+07,-5.596556710e-03,-9.412221540e-01
3.981071710e+07,-5.833508710e-03,-9.145092950e-01
4.097321100e+07,-6.057186720e-03,-8.885539720e-01
4.216965030e+07,-6.268332070e-03,-8.633346900e-01
4.340102640e+07,-6.467644550e-03,-8.388305670e-01
4.466835920e+07,-6.655784740e-03,-8.150213070e-01
4.597269890e+07,-6.833376190e-03,-7.918871930e-01
4.731512590e+07,-7.001007490e-03,-7.694090670e-01
4.869675250e+07,-7.159234230e-03,-7.475683100e-01
5.011872340e+07,-7.308580840e-03,-7.263468360e-01
5.158221650e+07,-7.449542290e-03,-7.057270670e-01
5.308844440e+07,-7.582585800e-03,-6.856919250e-01
5.463865500e+07,-7.708152320e-03,-6.662248170e-01
5.623413250e+07,-7.826658030e-03,-6.473096170e-01
5.787619880e+07,-7.938495710e-03,-6.289306600e-01
5.956621440e+07,-8.044036040e-03,-6.110727210e-01
6.130557920e+07,-8.143628840e-03,-5.937210100e-01
6.309573440e+07,-8.237604200e-03,-5.768611540e-01
6.493816320e+07,-8.326273610e-03,-5.604791870e-01
6.683439180e+07,-8.409930970e-03,-5.445615400e-01
6.878599120e+07,-8.488853550e-03,-5.290950280e-01
7.079457840e+07,-8.563302970e-03,-5.140668390e-01
7.286181750e+07,-8.633525980e-03,-4.994645260e-01
7.498942090e+07,-8.699755360e-03,-4.852759910e-01
7.717915160e+07,-8.762210630e-03,-4.714894820e-01
7.943282350e+07,-8.821098820e-03,-4.580935790e-01
8.175230380e+07,-8.876615130e-03,-4.450771840e-01
8.413951420e+07,-8.928943580e-03,-4.324295170e-01
8.659643230e+07,-8.978257650e-03,-4.201400990e-01
8.912509380e+07,-9.024720800e-03,-4.081987510e-01
9.172759350e+07,-9.068487060e-03,-3.965955810e-01
9.440608760e+07,-9.109701540e-03,-3.853209760e-01
9.716279520e+07,-9.148500860e-03,-3.743655980e-01
1.000000000e+08,-9.185013680e-03,-3.637203710e-01
1.029200530e+08,-9.219361050e-03,-3.533764770e-01
1.059253730e+08,-9.251656860e-03,-3.433253470e-01
1.090184490e+08,-9.282008220e-03,-3.335586560e-01
1.122018450e+08,-9.310515780e-03,-3.240683130e-01
1.154781980e+08,-9.337274110e-03,-3.148464560e-01
1.188502230e+08,-9.362371960e-03,-3.058854470e-01
1.223207120e+08,-9.385892600e-03,-2.971778630e-01
1.258925410e+08,-9.407914100e-03,-2.887164900e-01
1.295686700e+08,-9.428509550e-03,-2.804943210e-01
1.333521430e+08,-9.447747320e-03,-2.725045440e-01
1.372460960e+08,-9.465691320e-03,-2.647405420e-01
1.412537540e+08,-9.482401160e-03,-2.571958840e-01
1.453784390e+08,-9.497932410e-03,-2.498643200e-01
1.496235660e+08,-9.512336720e-03,-2.427397780e-01
1.539926530e+08,-9.525662040e-03,-2.358163590e-01
1.584893190e+08,-9.537952780e-03,-2.290883260e-01
1.631172910e+08,-9.549249940e-03,-2.225501090e-01
1.678804020e+08,-9.559591240e-03,-2.161962930e-01
1.727825980e+08,-9.569011300e-03,-2.100216160e-01
1.778279410e+08,-9.577541700e-03,-2.040209650e-01
1.830206110e+08,-9.585211140e-03,-1.981893710e-01
1.883649090e+08,-9.592045480e-03,-1.925220060e-01
1.938652640e+08,-9.598067910e-03,-1.870141780e-01
1.995262310e+08,-9.603298950e-03,-1.816613270e-01
2.053525030e+08,-9.607756590e-03,-1.764590220e-01
2.113489040e+08,-9.611456340e-03,-1.714029580e-01
2.175204030e+08,-9.614411260e-03,-1.664889480e-01
2.238721140e+08,-9.616632060e-03,-1.617129280e-01
2.304092980e+08,-9.618127110e-03,-1.570709460e-01
2.371373710e+08,-9.618902510e-03,-1.525591600e-01
2.440619070e+08,-9.618962110e-03,-1.481738400e-01
2.511886430e+08,-9.618307520e-03,-1.439113590e-01
2.585234840e+08,-9.616938170e-03,-1.397681920e-01
2.660725060e+08,-9.614851300e-03,-1.357409150e-01
2.738419630e+08,-9.612042000e-03,-1.318261990e-01
2.818382930e+08,-9.608503170e-03,-1.280208100e-01
2.900681200e+08,-9.604225600e-03,-1.243216060e-01
2.985382620e+08,-9.599197880e-03,-1.207255330e-01
3.072557370e+08,-9.593406480e-03,-1.172296220e-01
3.162277660e+08,-9.586835680e-03,-1.138309900e-01
3.254617830e+08,-9.579467590e-03,-1.105268350e-01
3.349654390e+08,-9.571282130e-03,-1.073144340e-01
3.447466070e+08,-9.562257040e-03,-1.041911420e-01
3.548133890e+08,-9.552367810e-03,-1.011543890e-01
3.651741270e+08,-9.541587720e-03,-9.820167720e-02
3.758374040e+08,-9.529887770e-03,-9.533058070e-02
3.868120550e+08,-9.517236710e-03,-9.253874280e-02
3.981071710e+08,-9.503600990e-03,-8.982387440e-02
4.097321100e+08,-9.488944760e-03,-8.718375180e-02
4.216965030e+08,-9.473229860e-03,-8.461621550e-02
4.340102640e+08,-9.456415800e-03,-8.211916810e-02
4.466835920e+08,-9.438459740e-03,-7.969057320e-02
4.597269890e+08,-9.419316520e-03,-7.732845360e-02
4.731512590e+08,-9.398938670e-03,-7.503088970e-02
4.869675250e+08,-9.377276390e-03,-7.279601850e-02
5.011872340e+08,-9.354277570e-03,-7.062203190e-02
5.158221650e+08,-9.329887890e-03,-6.850717560e-02
5.308844440e+08,-9.304050770e-03,-6.644974760e-02
5.463865500e+08,-9.276707510e-03,-6.444809740e-02
5.623413250e+08,-9.247797320e-03,-6.250062460e-02
5.787619880e+08,-9.217257410e-03,-6.060577780e-02
5.956621440e+08,-9.185023110e-03,-5.876205370e-02
6.130557920e+08,-9.151028010e-03,-5.696799580e-02
6.309573440e+08,-9.115204100e-03,-5.522219370e-02
6.493816320e+08,-9.077481940e-03,-5.352328230e-02
6.683439180e+08,-9.037790870e-03,-5.186994060e-02
6.878599120e+08,-8.996059240e-03,-5.026089070e-02
7.079457840e+08,-8.952214680e-03,-4.869489770e-02
7.286181750e+08,-8.906184390e-03,-4.717076810e-02
7.498942090e+08,-8.857895450e-03,-4.568734950e-02
7.717915160e+08,-8.807275200e-03,-4.424352960e-02
7.943282350e+08,-8.754251640e-03,-4.283823570e-02
8.175230380e+08,-8.698753850e-03,-4.147043360e-02
8.413951420e+08,-8.640712460e-03,-4.013912740e-02
8.659643230e+08,-8.580060180e-03,-3.884335800e-02
8.912509380e+08,-8.516732330e-03,-3.758220330e-02
9.172759350e+08,-8.450667390e-03,-3.635477650e-02
9.440608760e+08,-8.381807680e-03,-3.516022610e-02
9.716279520e+08,-8.310099930e-03,-3.399773440e-02
1.000000000e+09,-8.235496000e-03,-3.286651740e-02
1.029200530e+09,-8.157953560e-03,-3.176582320e-02
1.059253730e+09,-8.077436770e-03,-3.069493140e-02
1.090184490e+09,-7.993917030e-03,-2.965315240e-02
1.122018450e+09,-7.907373690e-03,-2.863982590e-02
1.154781980e+09,-7.817794770e-03,-2.765431970e-02
1.188502230e+09,-7.725177670e-03,-2.669602930e-02
1.223207120e+09,-7.629529810e-03,-2.576437570e-02
1.258925410e+09,-7.530869340e-03,-2.485880510e-02
1.295686700e+09,-7.429225670e-03,-2.397878640e-02
1.333521430e+09,-7.324640040e-03,-2.312381080e-02
1.372460960e+09,-7.217166010e-03,-2.229338970e-02
1.412537540e+09,-7.106869790e-03,-2.148705330e-02
1.453784390e+09,-6.993830590e-03,-2.070434900e-02
1.496235660e+09,-6.878140790e-03,-1.994483970e-02
1.539926530e+09,-6.759905980e-03,-1.920810220e-02
1.584893190e+09,-6.639244970e-03,-1.849372530e-02
1.631172910e+09,-6.516289560e-03,-1.780130830e-02
1.678804020e+09,-6.391184260e-03,-1.713045920e-02
1.727825980e+09,-6.264085800e-03,-1.648079310e-02
1.778279410e+09,-6.135162570e-03,-1.585193010e-02
1.830206110e+09,-6.004593850e-03,-1.524349470e-02
1.883649090e+09,-5.872568990e-03,-1.465511310e-02
1.938652640e+09,-5.739286340e-03,-1.408641280e-02
1.995262310e+09,-5.604952210e-03,-1.353702070e-02
2.053525030e+09,-5.469779620e-03,-1.300656220e-02
2.113489040e+09,-5.333986960e-03,-1.249466010e-02
2.175204030e+09,-5.197796670e-03,-1.200093370e-02
2.238721140e+09,-5.061433730e-03,-1.152499820e-02
2.304092980e+09,-4.925124260e-03,-1.106646410e-02
2.371373710e+09,-4.789093930e-03,-1.062493680e-02
2.440619070e+09,-4.653566560e-03,-1.020001630e-02
2.511886430e+09,-4.518762630e-03,-9.791297620e-03
2.585234840e+09,-4.384897850e-03,-9.398370370e-03
2.660725060e+09,-4.252181820e-03,-9.020819430e-03
2.738419630e+09,-4.120816760e-03,-8.658225240e-03
2.818382930e+09,-3.990996360e-03,-8.310164430e-03
2.900681200e+09,-3.862904720e-03,-7.976210470e-03
2.985382620e+09,-3.736715380e-03,-7.655934530e-03
3.072557370e+09,-3.612590570e-03,-7.348906260e-03
3.162277660e+09,-3.490680510e-03,-7.054694810e-03
3.254617830e+09,-3.371122910e-03,-6.772869790e-03
3.349654390e+09,-3.254042550e-03,-6.503002270e-03
3.447466070e+09,-3.139551090e-03,-6.244665810e-03
3.548133890e+09,-3.027746870e-03,-5.997437500e-03
3.651741270e+09,-2.918715020e-03,-5.760898900e-03
3.758374040e+09,-2.812527530e-03,-5.534637060e-03
3.868120550e+09,-2.709243500e-03,-5.318245410e-03
3.981071710e+09,-2.608909490e-03,-5.111324600e-03
4.097321100e+09,-2.511559950e-03,-4.913483300e-03
4.216965030e+09,-2.417217720e-03,-4.724338920e-03
4.340102640e+09,-2.325894600e-03,-4.543518230e-03
4.466835920e+09,-2.237591970e-03,-4.370657950e-03
4.597269890e+09,-2.152301430e-03,-4.205405190e-03
4.731512590e+09,-2.070005530e-03,-4.047417870e-03
4.869675250e+09,-1.990678420e-03,-3.896365000e-03
5.011872340e+09,-1.914286640e-03,-3.751926960e-03
5.158221650e+09,-1.840789770e-03,-3.613795630e-03
5.308844440e+09,-1.770141190e-03,-3.481674470e-03
5.463865500e+09,-1.702288720e-03,-3.355278570e-03
5.623413250e+09,-1.637175370e-03,-3.234334600e-03
5.787619880e+09,-1.574739920e-03,-3.118580710e-03
5.956621440e+09,-1.514917610e-03,-3.007766400e-03
6.130557920e+09,-1.457640650e-03,-2.901652320e-03
6.309573440e+09,-1.402838860e-03,-2.800010050e-03
6.493816320e+09,-1.350440130e-03,-2.702621840e-03
6.683439180e+09,-1.300370940e-03,-2.609280350e-03
6.878599120e+09,-1.252556750e-03,-2.519788280e-03
7.079457840e+09,-1.206922500e-03,-2.433958110e-03
7.286181750e+09,-1.163392890e-03,-2.351611700e-03
7.498942090e+09,-1.121892760e-03,-2.272580000e-03
7.717915160e+09,-1.082347420e-03,-2.196702610e-03
7.943282350e+09,-1.044682830e-03,-2.123827510e-03
8.175230380e+09,-1.008825920e-03,-2.053810620e-03
8.413951420e+09,-9.747047800e-04,-1.986515500e-03
8.659643230e+09,-9.422487920e-04,-1.921812940e-03
8.912509380e+09,-9.113888360e-04,-1.859580660e-03
9.172759350e+09,-8.820573940e-04,-1.799702930e-03
9.440608760e+09,-8.541886600e-04,-1.742070250e-03
9.716279520e+09,-8.277186260e-04,-1.686579040e-03
1.000000000e+10,-8.025851510e-04,-1.633131290e-03
1.029200530e+10,-7.787280070e-04,-1.581634300e-03
1.059253730e+10,-7.560889190e-04,-1.532000380e-03
1.090184490e+10,-7.346115840e-04,-1.484146540e-03
1.122018450e+10,-7.142416810e-04,-1.437994260e-03
1.154781980e+10,-6.949268710e-04,-1.393469220e-03
1.188502230e+10,-6.766167840e-04,-1.350501080e-03
1.223207120e+10,-6.592630020e-04,-1.309023200e-03
1.258925410e+10,-6.428190340e-04,-1.268972500e-03
1.295686700e+10,-6.272402830e-04,-1.230289180e-03
1.333521430e+10,-6.124840070e-04,-1.192916560e-03
1.372460960e+10,-5.985092810e-04,-1.156800900e-03
1.412537540e+10,-5.852769520e-04,-1.121891210e-03
1.453784390e+10,-5.727495880e-04,-1.088139110e-03
1.496235660e+10,-5.608914340e-04,-1.055498650e-03
1.539926530e+10,-5.496683530e-04,-1.023926180e-03
1.584893190e+10,-5.390477800e-04,-9.933801980e-04
1.631172910e+10,-5.289986650e-04,-9.638212580e-04
1.678804020e+10,-5.194914190e-04,-9.352118140e-04
1.727825980e+10,-5.104978640e-04,-9.075161230e-04
1.778279410e+10,-5.019911730e-04,-8.807001380e-04
1.830206110e+10,-4.939458240e-04,-8.547314110e-04
1.883649090e+10,-4.863375430e-04,-8.295789970e-04
1.938652640e+10,-4.791432520e-04,-8.052133690e-04
1.995262310e+10,-4.723410210e-04,-7.816063380e-04
2.053525030e+10,-4.659100210e-04,-7.587309770e-04
2.113489040e+10,-4.598304670e-04,-7.365615490e-04
2.175204030e+10,-4.540835830e-04,-7.150734400e-04
2.238721140e+10,-4.486515460e-04,-6.942430990e-04
2.304092980e+10,-4.435174490e-04,-6.740479780e-04
2.371373710e+10,-4.386652570e-04,-6.544664790e-04
2.440619070e+10,-4.340797630e-04,-6.354779010e-04
2.511886430e+10,-4.297465540e-04,-6.170623940e-04
2.585234840e+10,-4.256519680e-04,-5.992009140e-04
2.660725060e+10,-4.217830590e-04,-5.818751790e-04
2.738419630e+10,-4.181275630e-04,-5.650676340e-04
2.818382930e+10,-4.146738650e-04,-5.487614100e-04
2.900681200e+10,-4.114109630e-04,-5.329402910e-04
2.985382620e+10,-4.083284420e-04,-5.175886840e-04
3.072557370e+10,-4.054164410e-04,-5.026915850e-04
3.162277660e+10,-4.026656270e-04,-4.882345490e-04
3.254617830e+10,-4.000671670e-04,-4.742036720e-04
3.349654390e+10,-3.976127010e-04,-4.605855550e-04
3.447466070e+10,-3.952943210e-04,-4.473672860e-04
3.548133890e+10,-3.931045450e-04,-4.345364200e-04
3.651741270e+10,-3.910362950e-04,-4.220809500e-04
3.758374040e+10,-3.890828780e-04,-4.099892960e-04
3.868120550e+10,-3.872379640e-04,-3.982502800e-04
3.981071710e+10,-3.854955650e-04,-3.868531130e-04
4.097321100e+10,-3.838500200e-04,-3.757873740e-04
4.216965030e+10,-3.822959790e-04,-3.650429980e-04
4.340102640e+10,-3.808283820e-04,-3.546102580e-04
4.466835920e+10,-3.794424450e-04,-3.444797560e-04
4.597269890e+10,-3.781336480e-04,-3.346424020e-04
4.731512590e+10,-3.768977170e-04,-3.250894090e-04
4.869675250e+10,-3.757306140e-04,-3.158122770e-04
5.011872340e+10,-3.746285220e-04,-3.068027820e-04
5.158221650e+10,-3.735878340e-04,-2.980529670e-04
5.308844440e+10,-3.726051420e-04,-2.895551300e-04
5.463865500e+10,-3.716772260e-04,-2.813018140e-04
5.623413250e+10,-3.708010420e-04,-2.732858010e-04
5.787619880e+10,-3.699737150e-04,-2.655000990e-04
5.956621440e+10,-3.691925300e-04,-2.579379360e-04
6.130557920e+10,-3.684549200e-04,-2.505927530e-04
6.309573440e+10,-3.677584600e-04,-2.434581920e-04
6.493816320e+10,-3.671008620e-04,-2.365280960e-04
6.683439180e+10,-3.664799620e-04,-2.297964940e-04
6.878599120e+10,-3.658937160e-04,-2.232576000e-04
7.079457840e+10,-3.653401940e-04,-2.169058050e-04
7.286181750e+10,-3.648175740e-04,-2.107356710e-04
7.498942090e+10,-3.643241330e-04,-2.047419230e-04
7.717915160e+10,-3.638582460e-04,-1.989194490e-04
7.943282350e+10,-3.634183750e-04,-1.932632870e-04
8.175230380e+10,-3.630030720e-04,-1.877686280e-04
8.413951420e+10,-3.626109650e-04,-1.824308040e-04
8.659643230e+10,-3.622407610e-04,-1.772452880e-04
8.912509380e+10,-3.618912380e-04,-1.722076870e-04
9.172759350e+10,-3.615612430e-04,-1.673137400e-04
9.440608760e+10,-3.612496850e-04,-1.625593100e-04
9.716279520e+10,-3.609555350e-04,-1.579403850e-04
1.000000000e+11,-3.606778230e-04,-1.534530690e-04
