frequency_Hz,Zout_real_ohm,Zout_imag_ohm
1.000000000e+00,9.101262700e+05,-5.225227080e+00
1.029200530e+00,9.101262700e+05,-5.377806470e+00
1.059253730e+00,9.101262700e+05,-5.534841250e+00
1.090184490e+00,9.101262700e+05,-5.696461530e+00
1.122018450e+00,9.101262700e+05,-5.862801210e+00
1.154781980e+00,9.101262700e+05,-6.033998100e+00
1.188502230e+00,9.101262700e+05,-6.210194020e+00
1.223207120e+00,9.101262700e+05,-6.391534960e+00
1.258925410e+00,9.101262700e+05,-6.578171150e+00
1.295686700e+00,9.101262700e+05,-6.770257220e+00
1.333521430e+00,9.101262700e+05,-6.967952300e+00
1.372460960e+00,9.101262700e+05,-7.171420180e+00
1.412537540e+00,9.101262700e+05,-7.380829430e+00
1.453784390e+00,9.101262700e+05,-7.596353540e+00
1.496235660e+00,9.101262700e+05,-7.818171070e+00
1.539926530e+00,9.101262700e+05,-8.046465790e+00
1.584893190e+00,9.101262700e+05,-8.281426830e+00
1.631172910e+00,9.101262700e+05,-8.523248860e+00
1.678804020e+00,9.101262700e+05,-8.772132220e+00
1.727825980e+00,9.101262700e+05,-9.028283100e+00
1.778279410e+00,9.101262700e+05,-9.291913730e+00
1.830206110e+00,9.101262700e+05,-9.563242510e+00
1.883649090e+00,9.101262700e+05,-9.842494230e+00
1.938652640e+00,9.101262700e+05,-1.012990030e+01
1.995262310e+00,9.101262700e+05,-1.042569870e+01
2.053525030e+00,9.101262700e+05,-1.073013460e+01
2.113489040e+00,9.101262700e+05,-1.104346020e+01
2.175204030e+00,9.101262700e+05,-1.136593500e+01
2.238721140e+00,9.101262700e+05,-1.169782630e+01
2.304092980e+00,9.101262700e+05,-1.203940900e+01
2.371373710e+00,9.101262700e+05,-1.239096610e+01
2.440619070e+00,9.101262700e+05,-1.275278880e+01
2.511886430e+00,9.101262700e+05,-1.312517700e+01
2.585234840e+00,9.101262700e+05,-1.350843910e+01
2.660725060e+00,9.101262700e+05,-1.390289260e+01
2.738419630e+00,9.101262700e+05,-1.430886440e+01
2.818382930e+00,9.101262700e+05,-1.472669080e+01
2.900681200e+00,9.101262700e+05,-1.515671790e+01
2.985382620e+00,9.101262700e+05,-1.559930210e+01
3.072557370e+00,9.101262700e+05,-1.605480990e+01
3.162277660e+00,9.101262700e+05,-1.652361890e+01
3.254617830e+00,9.101262700e+05,-1.700611720e+01
3.349654390e+00,9.101262700e+05,-1.750270480e+01
3.447466070e+00,9.101262700e+05,-1.801379300e+01
3.548133890e+00,9.101262700e+05,-1.853980530e+01
3.651741270e+00,9.101262700e+05,-1.908117740e+01
3.758374040e+00,9.101262700e+05,-1.963835780e+01
3.868120550e+00,9.101262700e+05,-2.021180820e+01
3.981071710e+00,9.101262700e+05,-2.080200370e+01
4.097321100e+00,9.101262700e+05,-2.140943320e+01
4.216965030e+00,9.101262700e+05,-2.203459990e+01
4.340102640e+00,9.101262700e+05,-2.267802180e+01
4.466835920e+00,9.101262700e+05,-2.334023200e+01
4.597269890e+00,9.101262690e+05,-2.402177910e+01
4.731512590e+00,9.101262690e+05,-2.472322770e+01
4.869675250e+00,9.101262690e+05,-2.544515900e+01
5.011872340e+00,9.101262690e+05,-2.618817100e+01
5.158221650e+00,9.101262690e+05,-2.695287940e+01
5.308844440e+00,9.101262690e+05,-2.773991770e+01
5.463865500e+00,9.101262690e+05,-2.854993790e+01
5.623413250e+00,9.101262690e+05,-2.938361120e+01
5.787619880e+00,9.101262690e+05,-3.024162810e+01
5.956621440e+00,9.101262690e+05,-3.112469960e+01
6.130557920e+00,9.101262690e+05,-3.203355720e+01
6.309573440e+00,9.101262690e+05,-3.296895400e+01
6.493816320e+00,9.101262690e+05,-3.393166480e+01
6.683439180e+00,9.101262690e+05,-3.492248730e+01
6.878599120e+00,9.101262690e+05,-3.594224240e+01
7.079457840e+00,9.101262690e+05,-3.699177480e+01
7.286181750e+00,9.101262690e+05,-3.807195410e+01
7.498942090e+00,9.101262680e+05,-3.918367520e+01
7.717915160e+00,9.101262680e+05,-4.032785920e+01
7.943282350e+00,9.101262680e+05,-4.150545390e+01
8.175230380e+00,9.101262680e+05,-4.271743510e+01
8.413951420e+00,9.101262680e+05,-4.396480670e+01
8.659643230e+00,9.101262680e+05,-4.524860220e+01
8.912509380e+00,9.101262680e+05,-4.656988530e+01
9.172759350e+00,9.101262680e+05,-4.792975050e+01
9.440608760e+00,9.101262670e+05,-4.932932440e+01
9.716279520e+00,9.101262670e+05,-5.076976670e+01
1.000000000e+01,9.101262670e+05,-5.225227060e+01
1.029200530e+01,9.101262670e+05,-5.377806450e+01
1.059253730e+01,9.101262670e+05,-5.534841230e+01
1.090184490e+01,9.101262670e+05,-5.696461510e+01
1.122018450e+01,9.101262660e+05,-5.862801190e+01
1.154781980e+01,9.101262660e+05,-6.033998070e+01
1.188502230e+01,9.101262660e+05,-6.210194000e+01
1.223207120e+01,9.101262660e+05,-6.391534930e+01
1.258925410e+01,9.101262650e+05,-6.578171120e+01
1.295686700e+01,9.101262650e+05,-6.770257180e+01
1.333521430e+01,9.101262650e+05,-6.967952260e+01
1.372460960e+01,9.101262640e+05,-7.171420140e+01
1.412537540e+01,9.101262640e+05,-7.380829380e+01
1.453784390e+01,9.101262640e+05,-7.596353490e+01
1.496235660e+01,9.101262630e+05,-7.818171010e+01
1.539926530e+01,9.101262630e+05,-8.046465720e+01
1.584893190e+01,9.101262630e+05,-8.281426760e+01
1.631172910e+01,9.101262620e+05,-8.523248780e+01
1.678804020e+01,9.101262620e+05,-8.772132140e+01
1.727825980e+01,9.101262610e+05,-9.028283020e+01
1.778279410e+01,9.101262610e+05,-9.291913630e+01
1.830206110e+01,9.101262600e+05,-9.563242410e+01
1.883649090e+01,9.101262590e+05,-9.842494120e+01
1.938652640e+01,9.101262590e+05,-1.012990010e+02
1.995262310e+01,9.101262580e+05,-1.042569850e+02
2.053525030e+01,9.101262570e+05,-1.073013440e+02
2.113489040e+01,9.101262570e+05,-1.104346000e+02
2.175204030e+01,9.101262560e+05,-1.136593480e+02
2.238721140e+01,9.101262550e+05,-1.169782610e+02
2.304092980e+01,9.101262540e+05,-1.203940880e+02
2.371373710e+01,9.101262530e+05,-1.239096590e+02
2.440619070e+01,9.101262520e+05,-1.275278860e+02
2.511886430e+01,9.101262510e+05,-1.312517670e+02
2.585234840e+01,9.101262500e+05,-1.350843880e+02
2.660725060e+01,9.101262490e+05,-1.390289230e+02
2.738419630e+01,9.101262480e+05,-1.430886410e+02
2.818382930e+01,9.101262460e+05,-1.472669040e+02
2.900681200e+01,9.101262450e+05,-1.515671750e+02
2.985382620e+01,9.101262430e+05,-1.559930170e+02
3.072557370e+01,9.101262420e+05,-1.605480950e+02
3.162277660e+01,9.101262400e+05,-1.652361830e+02
3.254617830e+01,9.101262380e+05,-1.700611670e+02
3.349654390e+01,9.101262360e+05,-1.750270420e+02
3.447466070e+01,9.101262340e+05,-1.801379230e+02
3.548133890e+01,9.101262320e+05,-1.853980450e+02
3.651741270e+01,9.101262300e+05,-1.908117660e+02
3.758374040e+01,9.101262280e+05,-1.963835690e+02
3.868120550e+01,9.101262250e+05,-2.021180720e+02
3.981071710e+01,9.101262230e+05,-2.080200260e+02
4.097321100e+01,9.101262200e+05,-2.140943200e+02
4.216965030e+01,9.101262170e+05,-2.203459860e+02
4.340102640e+01,9.101262140e+05,-2.267802040e+02
4.466835920e+01,9.101262100e+05,-2.334023050e+02
4.597269890e+01,9.101262070e+05,-2.402177740e+02
4.731512590e+01,9.101262030e+05,-2.472322590e+02
4.869675250e+01,9.101261990e+05,-2.544515700e+02
5.011872340e+01,9.101261950e+05,-2.618816890e+02
5.158221650e+01,9.101261900e+05,-2.695287710e+02
5.308844440e+01,9.101261860e+05,-2.773991520e+02
5.463865500e+01,9.101261810e+05,-2.854993520e+02
5.623413250e+01,9.101261750e+05,-2.938360820e+02
5.787619880e+01,9.101261700e+05,-3.024162480e+02
5.956621440e+01,9.101261640e+05,-3.112469600e+02
6.130557920e+01,9.101261570e+05,-3.203355330e+02
6.309573440e+01,9.101261510e+05,-3.296894970e+02
6.493816320e+01,9.101261440e+05,-3.393166020e+02
6.683439180e+01,9.101261360e+05,-3.492248220e+02
6.878599120e+01,9.101261280e+05,-3.594223680e+02
7.079457840e+01,9.101261200e+05,-3.699176870e+02
7.286181750e+01,9.101261110e+05,-3.807194750e+02
7.498942090e+01,9.101261010e+05,-3.918366800e+02
7.717915160e+01,9.101260910e+05,-4.032785140e+02
7.943282350e+01,9.101260810e+05,-4.150544540e+02
8.175230380e+01,9.101260700e+05,-4.271742580e+02
8.413951420e+01,9.101260580e+05,-4.396479650e+02
8.659643230e+01,9.101260450e+05,-4.524859120e+02
8.912509380e+01,9.101260320e+05,-4.656987320e+02
9.172759350e+01,9.101260180e+05,-4.792973730e+02
9.440608760e+01,9.101260030e+05,-4.932931010e+02
9.716279520e+01,9.101259870e+05,-5.076975110e+02
1.000000000e+02,9.101259700e+05,-5.225225360e+02
1.029200530e+02,9.101259520e+05,-5.377804590e+02
1.059253730e+02,9.101259340e+05,-5.534839200e+02
1.090184490e+02,9.101259140e+05,-5.696459300e+02
1.122018450e+02,9.101258920e+05,-5.862798780e+02
1.154781980e+02,9.101258700e+05,-6.033995450e+02
1.188502230e+02,9.101258460e+05,-6.210191130e+02
1.223207120e+02,9.101258210e+05,-6.391531810e+02
1.258925410e+02,9.101257950e+05,-6.578167720e+02
1.295686700e+02,9.101257660e+05,-6.770253470e+02
1.333521430e+02,9.101257370e+05,-6.967948220e+02
1.372460960e+02,9.101257050e+05,-7.171415730e+02
1.412537540e+02,9.101256720e+05,-7.380824580e+02
1.453784390e+02,9.101256360e+05,-7.596348250e+02
1.496235660e+02,9.101255990e+05,-7.818165300e+02
1.539926530e+02,9.101255590e+05,-8.046459500e+02
1.584893190e+02,9.101255170e+05,-8.281419970e+02
1.631172910e+02,9.101254720e+05,-8.523241380e+02
1.678804020e+02,9.101254250e+05,-8.772124070e+02
1.727825980e+02,9.101253750e+05,-9.028274220e+02
1.778279410e+02,9.101253210e+05,-9.291904050e+02
1.830206110e+02,9.101252650e+05,-9.563231950e+02
1.883649090e+02,9.101252060e+05,-9.842482720e+02
1.938652640e+02,9.101251430e+05,-1.012988770e+03
1.995262310e+02,9.101250760e+05,-1.042568500e+03
2.053525030e+02,9.101250050e+05,-1.073011970e+03
2.113489040e+02,9.101249300e+05,-1.104344390e+03
2.175204030e+02,9.101248510e+05,-1.136591730e+03
2.238721140e+02,9.101247670e+05,-1.169780700e+03
2.304092980e+02,9.101246780e+05,-1.203938790e+03
2.371373710e+02,9.101245830e+05,-1.239094310e+03
2.440619070e+02,9.101244830e+05,-1.275276380e+03
2.511886430e+02,9.101243770e+05,-1.312514970e+03
2.585234840e+02,9.101242650e+05,-1.350840930e+03
2.660725060e+02,9.101241460e+05,-1.390286020e+03
2.738419630e+02,9.101240200e+05,-1.430882910e+03
2.818382930e+02,9.101238870e+05,-1.472665230e+03
2.900681200e+02,9.101237460e+05,-1.515667590e+03
2.985382620e+02,9.101235960e+05,-1.559925630e+03
3.072557370e+02,9.101234380e+05,-1.605476000e+03
3.162277660e+02,9.101232700e+05,-1.652356440e+03
3.254617830e+02,9.101230920e+05,-1.700605790e+03
3.349654390e+02,9.101229040e+05,-1.750264010e+03
3.447466070e+02,9.101227050e+05,-1.801372250e+03
3.548133890e+02,9.101224930e+05,-1.853972840e+03
3.651741270e+02,9.101222700e+05,-1.908109350e+03
3.758374040e+02,9.101220330e+05,-1.963826640e+03
3.868120550e+02,9.101217820e+05,-2.021170860e+03
3.981071710e+02,9.101215160e+05,-2.080189500e+03
4.097321100e+02,9.101212340e+05,-2.140931470e+03
4.216965030e+02,9.101209350e+05,-2.203447070e+03
4.340102640e+02,9.101206190e+05,-2.267788100e+03
4.466835920e+02,9.101202850e+05,-2.334007850e+03
4.597269890e+02,9.101199300e+05,-2.402161180e+03
4.731512590e+02,9.101195540e+05,-2.472304530e+03
4.869675250e+02,9.101191560e+05,-2.544496010e+03
5.011872340e+02,9.101187350e+05,-2.618795420e+03
5.158221650e+02,9.101182880e+05,-2.695264310e+03
5.308844440e+02,9.101178150e+05,-2.773966010e+03
5.463865500e+02,9.101173140e+05,-2.854965700e+03
5.623413250e+02,9.101167840e+05,-2.938330490e+03
5.787619880e+02,9.101162220e+05,-3.024129430e+03
5.956621440e+02,9.101156260e+05,-3.112433560e+03
6.130557920e+02,9.101149950e+05,-3.203316040e+03
6.309573440e+02,9.101143270e+05,-3.296852140e+03
6.493816320e+02,9.101136200e+05,-3.393119320e+03
6.683439180e+02,9.101128700e+05,-3.492197320e+03
6.878599120e+02,9.101120760e+05,-3.594168190e+03
7.079457840e+02,9.101112350e+05,-3.699116380e+03
7.286181750e+02,9.101103440e+05,-3.807128800e+03
7.498942090e+02,9.101094010e+05,-3.918294900e+03
7.717915160e+02,9.101084010e+05,-4.032706750e+03
7.943282350e+02,9.101073420e+05,-4.150459090e+03
8.175230380e+02,9.101062210e+05,-4.271649410e+03
8.413951420e+02,9.101050330e+05,-4.396378090e+03
8.659643230e+02,9.101037740e+05,-4.524748390e+03
8.912509380e+02,9.101024420e+05,-4.656866610e+03
9.172759350e+02,9.101010300e+05,-4.792842140e+03
9.440608760e+02,9.100995340e+05,-4.932787550e+03
9.716279520e+02,9.100979500e+05,-5.076818710e+03
1.000000000e+03,9.100962720e+05,-5.225054860e+03
1.029200530e+03,9.100944950e+05,-5.377618710e+03
1.059253730e+03,9.100926120e+05,-5.534636560e+03
1.090184490e+03,9.100906170e+05,-5.696238380e+03
1.122018450e+03,9.100885050e+05,-5.862557940e+03
1.154781980e+03,9.100862670e+05,-6.033732890e+03
1.188502230e+03,9.100838970e+05,-6.209904900e+03
1.223207120e+03,9.100813870e+05,-6.391219760e+03
1.258925410e+03,9.100787270e+05,-6.577827530e+03
1.295686700e+03,9.100759100e+05,-6.769882600e+03
1.333521430e+03,9.100729260e+05,-6.967543900e+03
1.372460960e+03,9.100697660e+05,-7.170974950e+03
1.412537540e+03,9.100664180e+05,-7.380344050e+03
1.453784390e+03,9.100628720e+05,-7.595824390e+03
1.496235660e+03,9.100591150e+05,-7.817594200e+03
1.539926530e+03,9.100551370e+05,-8.045836890e+03
1.584893190e+03,9.100509220e+05,-8.280741220e+03
1.631172910e+03,9.100464580e+05,-8.522501420e+03
1.678804020e+03,9.100417290e+05,-8.771317380e+03
1.727825980e+03,9.100367200e+05,-9.027394780e+03
1.778279410e+03,9.100314140e+05,-9.290945300e+03
1.830206110e+03,9.100257940e+05,-9.562186750e+03
1.883649090e+03,9.100198420e+05,-9.841343270e+03
1.938652640e+03,9.100135360e+05,-1.012864550e+04
1.995262310e+03,9.100068570e+05,-1.042433080e+04
2.053525030e+03,9.099997820e+05,-1.072864330e+04
2.113489040e+03,9.099922890e+05,-1.104183440e+04
2.175204030e+03,9.099843510e+05,-1.136416270e+04
2.238721140e+03,9.099759430e+05,-1.169589420e+04
2.304092980e+03,9.099670370e+05,-1.203730260e+04
2.371373710e+03,9.099576040e+05,-1.238866980e+04
2.440619070e+03,9.099476120e+05,-1.275028550e+04
2.511886430e+03,9.099370280e+05,-1.312244790e+04
2.585234840e+03,9.099258170e+05,-1.350546390e+04
2.660725060e+03,9.099139420e+05,-1.389964920e+04
2.738419630e+03,9.099013640e+05,-1.430532850e+04
2.818382930e+03,9.098880410e+05,-1.472283600e+04
2.900681200e+03,9.098739290e+05,-1.515251560e+04
2.985382620e+03,9.098589810e+05,-1.559472090e+04
3.072557370e+03,9.098431480e+05,-1.604981560e+04
3.162277660e+03,9.098263780e+05,-1.651817420e+04
3.254617830e+03,9.098086140e+05,-1.700018170e+04
3.349654390e+03,9.097897990e+05,-1.749623410e+04
3.447466070e+03,9.097698690e+05,-1.800673890e+04
3.548133890e+03,9.097487600e+05,-1.853211520e+04
3.651741270e+03,9.097264010e+05,-1.907279400e+04
3.758374040e+03,9.097027180e+05,-1.962921860e+04
3.868120550e+03,9.096776340e+05,-2.020184500e+04
3.981071710e+03,9.096510640e+05,-2.079114230e+04
4.097321100e+03,9.096229220e+05,-2.139759260e+04
4.216965030e+03,9.095931140e+05,-2.202169190e+04
4.340102640e+03,9.095615420e+05,-2.266395030e+04
4.466835920e+03,9.095281020e+05,-2.332489200e+04
4.597269890e+03,9.094926830e+05,-2.400505630e+04
4.731512590e+03,9.094551680e+05,-2.470499750e+04
4.869675250e+03,9.094154340e+05,-2.542528560e+04
5.011872340e+03,9.093733490e+05,-2.616650630e+04
5.158221650e+03,9.093287750e+05,-2.692926210e+04
5.308844440e+03,9.092815640e+05,-2.771417180e+04
5.463865500e+03,9.092315620e+05,-2.852187170e+04
5.623413250e+03,9.091786020e+05,-2.935301550e+04
5.787619880e+03,9.091225110e+05,-3.020827530e+04
5.956621440e+03,9.090631040e+05,-3.108834120e+04
6.130557920e+03,9.090001850e+05,-3.199392270e+04
6.309573440e+03,9.089335480e+05,-3.292574820e+04
6.493816320e+03,9.088629730e+05,-3.388456620e+04
6.683439180e+03,9.087882280e+05,-3.487114530e+04
6.878599120e+03,9.087090670e+05,-3.588627500e+04
7.079457840e+03,9.086252310e+05,-3.693076560e+04
7.286181750e+03,9.085364450e+05,-3.800544940e+04
7.498942090e+03,9.084424160e+05,-3.911118030e+04
7.717915160e+03,9.083428370e+05,-4.024883500e+04
7.943282350e+03,9.082373810e+05,-4.141931300e+04
8.175230380e+03,9.081257030e+05,-4.262353710e+04
8.413951420e+03,9.080074380e+05,-4.386245390e+04
8.659643230e+03,9.078821990e+05,-4.513703420e+04
8.912509380e+03,9.077495770e+05,-4.644827330e+04
9.172759350e+03,9.076091380e+05,-4.779719150e+04
9.440608760e+03,9.074604260e+05,-4.918483440e+04
9.716279520e+03,9.073029550e+05,-5.061227320e+04
1.000000000e+04,9.071362120e+05,-5.208060530e+04
1.029200530e+04,9.069596570e+05,-5.359095400e+04
1.059253730e+04,9.067727140e+05,-5.514446940e+04
1.090184490e+04,9.065747790e+05,-5.674232820e+04
1.122018450e+04,9.063652100e+05,-5.838573420e+04
1.154781980e+04,9.061433280e+05,-6.007591800e+04
1.188502230e+04,9.059084180e+05,-6.181413750e+04
1.223207120e+04,9.056597210e+05,-6.360167770e+04
1.258925410e+04,9.053964360e+05,-6.543985060e+04
1.295686700e+04,9.051177180e+05,-6.732999550e+04
1.333521430e+04,9.048226720e+05,-6.927347800e+04
1.372460960e+04,9.045103540e+05,-7.127169070e+04
1.412537540e+04,9.041797640e+05,-7.332605180e+04
1.453784390e+04,9.038298490e+05,-7.543800560e+04
1.496235660e+04,9.034594950e+05,-7.760902100e+04
1.539926530e+04,9.030675280e+05,-7.984059130e+04
1.584893190e+04,9.026527060e+05,-8.213423310e+04
1.631172910e+04,9.022137190e+05,-8.449148540e+04
1.678804020e+04,9.017491860e+05,-8.691390790e+04
1.727825980e+04,9.012576500e+05,-8.940308030e+04
1.778279410e+04,9.007375720e+05,-9.196060020e+04
1.830206110e+04,9.001873320e+05,-9.458808110e+04
1.883649090e+04,8.996052210e+05,-9.728715100e+04
1.938652640e+04,8.989894380e+05,-1.000594490e+05
1.995262310e+04,8.983380860e+05,-1.029066240e+05
2.053525030e+04,8.976491680e+05,-1.058303300e+05
2.113489040e+04,8.969205800e+05,-1.088322250e+05
2.175204030e+04,8.961501100e+05,-1.119139640e+05
2.238721140e+04,8.953354290e+05,-1.150772000e+05
2.304092980e+04,8.944740890e+05,-1.183235750e+05
2.371373710e+04,8.935635170e+05,-1.216547150e+05
2.440619070e+04,8.926010100e+05,-1.250722300e+05
2.511886430e+04,8.915837300e+05,-1.285777000e+05
2.585234840e+04,8.905086980e+05,-1.321726760e+05
2.660725060e+04,8.893727900e+05,-1.358586690e+05
2.738419630e+04,8.881727320e+05,-1.396371420e+05
2.818382930e+04,8.869050920e+05,-1.435095050e+05
2.900681200e+04,8.855662810e+05,-1.474771000e+05
2.985382620e+04,8.841525420e+05,-1.515411980e+05
3.072557370e+04,8.826599480e+05,-1.557029840e+05
3.162277660e+04,8.810843980e+05,-1.599635480e+05
3.254617830e+04,8.794216150e+05,-1.643238690e+05
3.349654390e+04,8.776671360e+05,-1.687848080e+05
3.447466070e+04,8.758163170e+05,-1.733470870e+05
3.548133890e+04,8.738643240e+05,-1.780112810e+05
3.651741270e+04,8.718061360e+05,-1.827777970e+05
3.758374040e+04,8.696365410e+05,-1.876468580e+05
3.868120550e+04,8.673501350e+05,-1.926184870e+05
3.981071710e+04,8.649413270e+05,-1.976924870e+05
4.097321100e+04,8.624043370e+05,-2.028684200e+05
4.216965030e+04,8.597332030e+05,-2.081455910e+05
4.340102640e+04,8.569217810e+05,-2.135230170e+05
4.466835920e+04,8.539637570e+05,-2.189994150e+05
4.597269890e+04,8.508526500e+05,-2.245731710e+05
4.731512590e+04,8.475818270e+05,-2.302423190e+05
4.869675250e+04,8.441445110e+05,-2.360045170e+05
5.011872340e+04,8.405337970e+05,-2.418570180e+05
5.158221650e+04,8.367426710e+05,-2.477966500e+05
5.308844440e+04,8.327640280e+05,-2.538197840e+05
5.463865500e+04,8.285906940e+05,-2.599223140e+05
5.623413250e+04,8.242154540e+05,-2.660996270e+05
5.787619880e+04,8.196310780e+05,-2.723465820e+05
5.956621440e+04,8.148303540e+05,-2.786574840e+05
6.130557920e+04,8.098061260e+05,-2.850260600e+05
6.309573440e+04,8.045513290e+05,-2.914454420e+05
6.493816320e+04,7.990590360e+05,-2.979081450e+05
6.683439180e+04,7.933225000e+05,-3.044060520e+05
6.878599120e+04,7.873352070e+05,-3.109303970e+05
7.079457840e+04,7.810909270e+05,-3.174717620e+05
7.286181750e+04,7.745837730e+05,-3.240200640e+05
7.498942090e+04,7.678082590e+05,-3.305645570e+05
7.717915160e+04,7.607593620e+05,-3.370938370e+05
7.943282350e+04,7.534325880e+05,-3.435958480e+05
8.175230380e+04,7.458240390e+05,-3.500579000e+05
8.413951420e+04,7.379304790e+05,-3.564666900e+05
8.659643230e+04,7.297494060e+05,-3.628083340e+05
8.912509380e+04,7.212791180e+05,-3.690684000e+05
9.172759350e+04,7.125187820e+05,-3.752319580e+05
9.440608760e+04,7.034685010e+05,-3.812836280e+05
9.716279520e+04,6.941293770e+05,-3.872076470e+05
1.000000000e+05,6.845035690e+05,-3.929879340e+05
1.029200530e+05,6.745943490e+05,-3.986081710e+05
1.059253730e+05,6.644061500e+05,-4.040518880e+05
1.090184490e+05,6.539446090e+05,-4.093025590e+05
1.122018450e+05,6.432165970e+05,-4.143436960e+05
1.154781980e+05,6.322302430e+05,-4.191589650e+05
1.188502230e+05,6.209949510e+05,-4.237322900e+05
1.223207120e+05,6.095213940e+05,-4.280479720e+05
1.258925410e+05,5.978215100e+05,-4.320908060e+05
1.295686700e+05,5.859084770e+05,-4.358462040e+05
1.333521430e+05,5.737966720e+05,-4.393003100e+05
1.372460960e+05,5.615016290e+05,-4.424401210e+05
1.412537540e+05,5.490399660e+05,-4.452535990e+05
1.453784390e+05,5.364293150e+05,-4.477297790e+05
1.496235660e+05,5.236882320e+05,-4.498588720e+05
1.539926530e+05,5.108360930e+05,-4.516323550e+05
1.584893190e+05,4.978929850e+05,-4.530430550e+05
1.631172910e+05,4.848795810e+05,-4.540852160e+05
1.678804020e+05,4.718170150e+05,-4.547545600e+05
1.727825980e+05,4.587267440e+05,-4.550483260e+05
1.778279410e+05,4.456304060e+05,-4.549652990e+05
1.830206110e+05,4.325496820e+05,-4.545058220e+05
1.883649090e+05,4.195061470e+05,-4.536717940e+05
1.938652640e+05,4.065211330e+05,-4.524666490e+05
1.995262310e+05,3.936155880e+05,-4.508953220e+05
2.053525030e+05,3.808099410e+05,-4.489642020e+05
2.113489040e+05,3.681239810e+05,-4.466810640e+05
2.175204030e+05,3.555767370e+05,-4.440550020e+05
2.238721140e+05,3.431863660e+05,-4.410963330e+05
2.304092980e+05,3.309700670e+05,-4.378165090e+05
2.371373710e+05,3.189439890e+05,-4.342280070e+05
2.440619070e+05,3.071231620e+05,-4.303442190e+05
2.511886430e+05,2.955214400e+05,-4.261793380e+05
2.585234840e+05,2.841514590e+05,-4.217482410e+05
2.660725060e+05,2.730246020e+05,-4.170663620e+05
2.738419630e+05,2.621509840e+05,-4.121495830e+05
2.818382930e+05,2.515394440e+05,-4.070141060e+05
2.900681200e+05,2.411975570e+05,-4.016763480e+05
2.985382620e+05,2.311316460e+05,-3.961528250e+05
3.072557370e+05,2.213468130e+05,-3.904600520e+05
3.162277660e+05,2.118469730e+05,-3.846144420e+05
3.254617830e+05,2.026349040e+05,-3.786322190e+05
3.349654390e+05,1.937122900e+05,-3.725293330e+05
3.447466070e+05,1.850797850e+05,-3.663213860e+05
3.548133890e+05,1.767370730e+05,-3.600235670e+05
3.651741270e+05,1.686829290e+05,-3.536505940e+05
3.758374040e+05,1.609152900e+05,-3.472166600e+05
3.868120550e+05,1.534313230e+05,-3.407354000e+05
3.981071710e+05,1.462274910e+05,-3.342198480e+05
4.097321100e+05,1.392996250e+05,-3.276824180e+05
4.216965030e+05,1.326429910e+05,-3.211348800e+05
4.340102640e+05,1.262523540e+05,-3.145883500e+05
4.466835920e+05,1.201220420e+05,-3.080532800e+05
4.597269890e+05,1.142460120e+05,-3.015394610e+05
4.731512590e+05,1.086179000e+05,-2.950560230e+05
4.869675250e+05,1.032310840e+05,-2.886114430e+05
5.011872340e+05,9.807873290e+04,-2.822135590e+05
5.158221650e+05,9.315385170e+04,-2.758695820e+05
5.308844440e+05,8.844933070e+04,-2.695861150e+05
5.463865500e+05,8.395798460e+04,-2.633691740e+05
5.623413250e+05,7.967258970e+04,-2.572242060e+05
5.787619880e+05,7.558591880e+04,-2.511561180e+05
5.956621440e+05,7.169077130e+04,-2.451692960e+05
6.130557920e+05,6.798000070e+04,-2.392676320e+05
6.309573440e+05,6.444653930e+04,-2.334545500e+05
6.493816320e+05,6.108341860e+04,-2.277330340e+05
6.683439180e+05,5.788378910e+04,-2.221056470e+05
6.878599120e+05,5.484093510e+04,-2.165745630e+05
7.079457840e+05,5.194828900e+04,-2.111415910e+05
7.286181750e+05,4.919944230e+04,-2.058081950e+05
7.498942090e+05,4.658815490e+04,-2.005755230e+05
7.717915160e+05,4.410836270e+04,-1.954444280e+05
7.943282350e+05,4.175418280e+04,-1.904154910e+05
8.175230380e+05,3.951991830e+04,-1.854890400e+05
8.413951420e+05,3.740006030e+04,-1.806651730e+05
8.659643230e+05,3.538929020e+04,-1.759437760e+05
8.912509380e+05,3.348247960e+04,-1.713245430e+05
9.172759350e+05,3.167468990e+04,-1.668069920e+05
9.440608760e+05,2.996117110e+04,-1.623904800e+05
9.716279520e+05,2.833735930e+04,-1.580742230e+05
1.000000000e+06,2.679887440e+04,-1.538573050e+05
1.029200530e+06,2.534151640e+04,-1.497386980e+05
1.059253730e+06,2.396126200e+04,-1.457172680e+05
1.090184490e+06,2.265426020e+04,-1.417917910e+05
1.122018450e+06,2.141682820e+04,-1.379609630e+05
1.154781980e+06,2.024544610e+04,-1.342234110e+05
1.188502230e+06,1.913675300e+04,-1.305777010e+05
1.223207120e+06,1.808754110e+04,-1.270223470e+05
1.258925410e+06,1.709475110e+04,-1.235558210e+05
1.295686700e+06,1.615546680e+04,-1.201765570e+05
1.333521430e+06,1.526691040e+04,-1.168829620e+05
1.372460960e+06,1.442643650e+04,-1.136734170e+05
1.412537540e+06,1.363152800e+04,-1.105462890e+05
1.453784390e+06,1.287979020e+04,-1.074999310e+05
1.496235660e+06,1.216894600e+04,-1.045326880e+05
1.539926530e+06,1.149683160e+04,-1.016429040e+05
1.584893190e+06,1.086139060e+04,-9.882892120e+04
1.631172910e+06,1.026067050e+04,-9.608908820e+04
1.678804020e+06,9.692817160e+03,-9.342175980e+04
1.727825980e+06,9.156070980e+03,-9.082530160e+04
1.778279410e+06,8.648762370e+03,-8.829809170e+04
1.830206110e+06,8.169307630e+03,-8.583852330e+04
1.883649090e+06,7.716204920e+03,-8.344500660e+04
1.938652640e+06,7.288030430e+03,-8.111597040e+04
1.995262310e+06,6.883434620e+03,-7.884986390e+04
2.053525030e+06,6.501138630e+03,-7.664515790e+04
2.113489040e+06,6.139930870e+03,-7.450034610e+04
2.175204030e+06,5.798663650e+03,-7.241394560e+04
2.238721140e+06,5.476250090e+03,-7.038449840e+04
2.304092980e+06,5.171661030e+03,-6.841057160e+04
2.371373710e+06,4.883922130e+03,-6.649075820e+04
2.440619070e+06,4.612111140e+03,-6.462367750e+04
2.511886430e+06,4.355355180e+03,-6.280797540e+04
2.585234840e+06,4.112828280e+03,-6.104232460e+04
2.660725060e+06,3.883748900e+03,-5.932542510e+04
2.738419630e+06,3.667377700e+03,-5.765600370e+04
2.818382930e+06,3.463015280e+03,-5.603281460e+04
2.900681200e+06,3.270000130e+03,-5.445463900e+04
2.985382620e+06,3.087706660e+03,-5.292028510e+04
3.072557370e+06,2.915543260e+03,-5.142858790e+04
3.162277660e+06,2.752950540e+03,-4.997840920e+04
3.254617830e+06,2.599399620e+03,-4.856863700e+04
3.349654390e+06,2.454390510e+03,-4.719818570e+04
3.447466070e+06,2.317450550e+03,-4.586599520e+04
3.548133890e+06,2.188132970e+03,-4.457103120e+04
3.651741270e+06,2.066015490e+03,-4.331228450e+04
3.758374040e+06,1.950699010e+03,-4.208877050e+04
3.868120550e+06,1.841806350e+03,-4.089952930e+04
3.981071710e+06,1.738981080e+03,-3.974362470e+04
4.097321100e+06,1.641886400e+03,-3.862014420e+04
4.216965030e+06,1.550204060e+03,-3.752819850e+04
4.340102640e+06,1.463633380e+03,-3.646692090e+04
4.466835920e+06,1.381890230e+03,-3.543546720e+04
4.597269890e+06,1.304706240e+03,-3.443301470e+04
4.731512590e+06,1.231827810e+03,-3.345876240e+04
4.869675250e+06,1.163015410e+03,-3.251193010e+04
5.011872340e+06,1.098042760e+03,-3.159175810e+04
5.158221650e+06,1.036696090e+03,-3.069750670e+04
5.308844440e+06,9.787735090e+02,-2.982845600e+04
5.463865500e+06,9.240842890e+02,-2.898390500e+04
5.623413250e+06,8.724482980e+02,-2.816317160e+04
5.787619880e+06,8.236953960e+02,-2.736559200e+04
5.956621440e+06,7.776648910e+02,-2.659052010e+04
6.130557920e+06,7.342050160e+02,-2.583732740e+04
6.309573440e+06,6.931724360e+02,-2.510540220e+04
6.493816320e+06,6.544317840e+02,-2.439414970e+04
6.683439180e+06,6.178552210e+02,-2.370299090e+04
6.878599120e+06,5.833220190e+02,-2.303136300e+04
7.079457840e+06,5.507181680e+02,-2.237871820e+04
7.286181750e+06,5.199360030e+02,-2.174452400e+04
7.498942090e+06,4.908738530e+02,-2.112826240e+04
7.717915160e+06,4.634357100e+02,-2.052942960e+04
7.943282350e+06,4.375309130e+02,-1.994753570e+04
8.175230380e+06,4.130738540e+02,-1.938210430e+04
8.413951420e+06,3.899836950e+02,-1.883267230e+04
8.659643230e+06,3.681841040e+02,-1.829878940e+04
8.912509380e+06,3.476030040e+02,-1.778001750e+04
9.172759350e+06,3.281723380e+02,-1.727593090e+04
9.440608760e+06,3.098278440e+02,-1.678611590e+04
9.716279520e+06,2.925088470e+02,-1.631016990e+04
1.000000000e+07,2.761580540e+02,-1.584770180e+04
1.029200530e+07,2.607213710e+02,-1.539833130e+04
1.059253730e+07,2.461477220e+02,-1.496168880e+04
1.090184490e+07,2.323888810e+02,-1.453741490e+04
1.122018450e+07,2.193993160e+02,-1.412516030e+04
1.154781980e+07,2.071360360e+02,-1.372458560e+04
1.188502230e+07,1.955584490e+02,-1.333536070e+04
1.223207120e+07,1.846282320e+02,-1.295716490e+04
1.258925410e+07,1.743092010e+02,-1.258968640e+04
1.295686700e+07,1.645671920e+02,-1.223262220e+04
1.333521430e+07,1.553699520e+02,-1.188567780e+04
1.372460960e+07,1.466870260e+02,-1.154856700e+04
1.412537540e+07,1.384896640e+02,-1.122101160e+04
1.453784390e+07,1.307507190e+02,-1.090274130e+04
1.496235660e+07,1.234445630e+02,-1.059349330e+04
1.539926530e+07,1.165470000e+02,-1.029301230e+04
1.584893190e+07,1.100351840e+02,-1.000105000e+04
1.631172910e+07,1.038875480e+02,-9.717365470e+03
1.678804020e+07,9.808372900e+01,-9.441724170e+03
1.727825980e+07,9.260450260e+01,-9.173898410e+03
1.778279410e+07,8.743171870e+01,-8.913666840e+03
1.830206110e+07,8.254824180e+01,-8.660814380e+03
1.883649090e+07,7.793789410e+01,-8.415132030e+03
1.938652640e+07,7.358540240e+01,-8.176416660e+03
1.995262310e+07,6.947634690e+01,-7.944470900e+03
2.053525030e+07,6.559711430e+01,-7.719102960e+03
2.113489040e+07,6.193485220e+01,-7.500126440e+03
2.175204030e+07,5.847742660e+01,-7.287360250e+03
2.238721140e+07,5.521338230e+01,-7.080628370e+03
2.304092980e+07,5.213190410e+01,-6.879759810e+03
2.371373710e+07,4.922278190e+01,-6.684588370e+03
2.440619070e+07,4.647637630e+01,-6.494952580e+03
2.511886430e+07,4.388358690e+01,-6.310695530e+03
2.585234840e+07,4.143582220e+01,-6.131664740e+03
2.660725060e+07,3.912497120e+01,-5.957712070e+03
2.738419630e+07,3.694337620e+01,-5.788693530e+03
2.818382930e+07,3.488380800e+01,-5.624469260e+03
2.900681200e+07,3.293944160e+01,-5.464903310e+03
2.985382620e+07,3.110383360e+01,-5.309863610e+03
3.072557370e+07,2.937090100e+01,-5.159221820e+03
3.162277660e+07,2.773490080e+01,-5.012853240e+03
3.254617830e+07,2.619041150e+01,-4.870636690e+03
3.349654390e+07,2.473231470e+01,-4.732454440e+03
3.447466070e+07,2.335577800e+01,-4.598192070e+03
3.548133890e+07,2.205623950e+01,-4.467738440e+03
3.651741270e+07,2.082939250e+01,-4.340985510e+03
3.758374040e+07,1.967117100e+01,-4.217828340e+03
3.868120550e+07,1.857773640e+01,-4.098164960e+03
3.981071710e+07,1.754546500e+01,-3.981896260e+03
4.097321100e+07,1.657093550e+01,-3.868925980e+03
4.216965030e+07,1.565091820e+01,-3.759160560e+03
4.340102640e+07,1.478236380e+01,-3.652509090e+03
4.466835920e+07,1.396239380e+01,-3.548883260e+03
4.597269890e+07,1.318829050e+01,-3.448197250e+03
4.731512590e+07,1.245748830e+01,-3.350367670e+03
4.869675250e+07,1.176756510e+01,-3.255313500e+03
5.011872340e+07,1.111623430e+01,-3.162956000e+03
5.158221650e+07,1.050133700e+01,-3.073218700e+03
5.308844440e+07,9.920835440e+00,-2.986027260e+03
5.463865500e+07,9.372805460e+00,-2.901309470e+03
5.623413250e+07,8.855430700e+00,-2.818995150e+03
5.787619880e+07,8.366996390e+00,-2.739016140e+03
5.956621440e+07,7.905883640e+00,-2.661306170e+03
6.130557920e+07,7.470564130e+00,-2.585800890e+03
6.309573440e+07,7.059595020e+00,-2.512437750e+03
6.493816320e+07,6.671614190e+00,-2.441155990e+03
6.683439180e+07,6.305335680e+00,-2.371896560e+03
6.878599120e+07,5.959545480e+00,-2.304602080e+03
7.079457840e+07,5.633097470e+00,-2.239216830e+03
7.286181750e+07,5.324909660e+00,-2.175686620e+03
7.498942090e+07,5.033960550e+00,-2.113958840e+03
7.717915160e+07,4.759285810e+00,-2.053982360e+03
7.943282350e+07,4.499975020e+00,-1.995707490e+03
8.175230380e+07,4.255168700e+00,-1.939085960e+03
8.413951420e+07,4.024055430e+00,-1.884070860e+03
8.659643230e+07,3.805869180e+00,-1.830616610e+03
8.912509380e+07,3.599886790e+00,-1.778678950e+03
9.172759350e+07,3.405425500e+00,-1.728214840e+03
9.440608760e+07,3.221840770e+00,-1.679182480e+03
9.716279520e+07,3.048524120e+00,-1.631541240e+03
1.000000000e+08,2.884901070e+00,-1.585251670e+03
1.029200530e+08,2.730429280e+00,-1.540275420e+03
1.059253730e+08,2.584596770e+00,-1.496575220e+03
1.090184490e+08,2.446920150e+00,-1.454114870e+03
1.122018450e+08,2.316943100e+00,-1.412859200e+03
1.154781980e+08,2.194234790e+00,-1.372774040e+03
1.188502230e+08,2.078388510e+00,-1.333826160e+03
1.223207120e+08,1.969020280e+00,-1.295983320e+03
1.258925410e+08,1.865767590e+00,-1.259214150e+03
1.295686700e+08,1.768288210e+00,-1.223488200e+03
1.333521430e+08,1.676259030e+00,-1.188775860e+03
1.372460960e+08,1.589375020e+00,-1.155048390e+03
1.412537540e+08,1.507348200e+00,-1.122277840e+03
1.453784390e+08,1.429906690e+00,-1.090437060e+03
1.496235660e+08,1.356793800e+00,-1.059499680e+03
1.539926530e+08,1.287767210e+00,-1.029440060e+03
1.584893190e+08,1.222598110e+00,-1.000233290e+03
1.631172910e+08,1.161070500e+00,-9.718551950e+02
1.678804020e+08,1.102980460e+00,-9.442822510e+02
1.727825980e+08,1.048135430e+00,-9.174916170e+02
1.778279410e+08,9.963536460e-01,-8.914610990e+02
1.830206110e+08,9.474634650e-01,-8.661691310e+02
1.883649090e+08,9.013028460e-01,-8.415947610e+02
1.938652640e+08,8.577187930e-01,-8.177176290e+02
1.995262310e+08,8.165668500e-01,-7.945179530e+02
2.053525030e+08,7.777106250e-01,-7.719765140e+02
2.113489040e+08,7.410213330e-01,-7.500746370e+02
2.175204030e+08,7.063773770e-01,-7.287941770e+02
2.238721140e+08,6.736639370e-01,-7.081175040e+02
2.304092980e+08,6.427725940e-01,-6.880274870e+02
2.371373710e+08,6.136009730e-01,-6.685074830e+02
2.440619070e+08,5.860523980e-01,-6.495413190e+02
2.511886430e+08,5.600355740e-01,-6.311132840e+02
2.585234840e+08,5.354642870e-01,-6.132081090e+02
2.660725060e+08,5.122571180e-01,-5.958109620e+02
2.738419630e+08,4.903371690e-01,-5.789074280e+02
2.818382930e+08,4.696318150e-01,-5.624835030e+02
2.900681200e+08,4.500724580e-01,-5.465255810e+02
2.985382620e+08,4.315943020e-01,-5.310204410e+02
3.072557370e+08,4.141361430e-01,-5.159552370e+02
3.162277660e+08,3.976401570e-01,-5.013174880e+02
3.254617830e+08,3.820517180e-01,-4.870950660e+02
3.349654390e+08,3.673192150e-01,-4.732761890e+02
3.447466070e+08,3.533938780e-01,-4.598494080e+02
3.548133890e+08,3.402296200e-01,-4.468035990e+02
3.651741270e+08,3.277828880e-01,-4.341279530e+02
3.758374040e+08,3.160125120e-01,-4.218119690e+02
3.868120550e+08,3.048795780e-01,-4.098454430e+02
3.981071710e+08,2.943472940e-01,-3.982184600e+02
4.097321100e+08,2.843808710e-01,-3.869213890e+02
4.216965030e+08,2.749474110e-01,-3.759448680e+02
4.340102640e+08,2.660157970e-01,-3.652798040e+02
4.466835920e+08,2.575565940e-01,-3.549173610e+02
4.597269890e+08,2.495419500e-01,-3.448489530e+02
4.731512590e+08,2.419455080e-01,-3.350662390e+02
4.869675250e+08,2.347423220e-01,-3.255611120e+02
5.011872340e+08,2.279087730e-01,-3.163256990e+02
5.158221650e+08,2.214224960e-01,-3.073523450e+02
5.308844440e+08,2.152623100e-01,-2.986336180e+02
5.463865500e+08,2.094081480e-01,-2.901622930e+02
5.623413250e+08,2.038409950e-01,-2.819313510e+02
5.787619880e+08,1.985428320e-01,-2.739339710e+02
5.956621440e+08,1.934965730e-01,-2.661635280e+02
6.130557920e+08,1.886860220e-01,-2.586135830e+02
6.309573440e+08,1.840958160e-01,-2.512778790e+02
6.493816320e+08,1.797113860e-01,-2.441503390e+02
6.683439180e+08,1.755189090e-01,-2.372250570e+02
6.878599120e+08,1.715052720e-01,-2.304962920e+02
7.079457840e+08,1.676580340e-01,-2.239584710e+02
7.286181750e+08,1.639653890e-01,-2.176061740e+02
7.498942090e+08,1.604161400e-01,-2.114341380e+02
7.717915160e+08,1.569996630e-01,-2.054372480e+02
7.943282350e+08,1.537058880e-01,-1.996105340e+02
8.175230380e+08,1.505252650e-01,-1.939491660e+02
8.413951420e+08,1.474487510e-01,-1.884484540e+02
8.659643230e+08,1.444677810e-01,-1.831038370e+02
8.912509380e+08,1.415742580e-01,-1.779108850e+02
9.172759350e+08,1.387605310e-01,-1.728652960e+02
9.440608760e+08,1.360193790e-01,-1.679628850e+02
9.716279520e+08,1.333440050e-01,-1.631995900e+02
1.000000000e+09,1.307280170e-01,-1.585714610e+02
1.029200530e+09,1.281654220e-01,-1.540746630e+02
1.059253730e+09,1.256506190e-01,-1.497054660e+02
1.090184490e+09,1.231783830e-01,-1.454602500e+02
1.122018450e+09,1.207438700e-01,-1.413354930e+02
1.154781980e+09,1.183426020e-01,-1.373277760e+02
1.188502230e+09,1.159704660e-01,-1.334337760e+02
1.223207120e+09,1.136237080e-01,-1.296502640e+02
1.258925410e+09,1.112989290e-01,-1.259741020e+02
1.295686700e+09,1.089930820e-01,-1.224022430e+02
1.333521430e+09,1.067034670e-01,-1.189317230e+02
1.372460960e+09,1.044277230e-01,-1.155596660e+02
1.412537540e+09,1.021638280e-01,-1.122832730e+02
1.453784390e+09,9.991009210e-02,-1.090998290e+02
1.496235660e+09,9.766514750e-02,-1.060066930e+02
1.539926530e+09,9.542794470e-02,-1.030012990e+02
1.584893190e+09,9.319774230e-02,-1.000811560e+02
1.631172910e+09,9.097409720e-02,-9.724384070e+01
1.678804020e+09,8.875685340e-02,-9.448700080e+01
1.727825980e+09,8.654612890e-02,-9.180835010e+01
1.778279410e+09,8.434230220e-02,-8.920566730e+01
1.830206110e+09,8.214599580e-02,-8.667679410e+01
1.883649090e+09,7.995806010e-02,-8.421963370e+01
1.938652640e+09,7.777955400e-02,-8.183214900e+01
1.995262310e+09,7.561172620e-02,-7.951236070e+01
2.053525030e+09,7.345599360e-02,-7.725834570e+01
2.113489040e+09,7.131392050e-02,-7.506823600e+01
2.175204030e+09,6.918719550e-02,-7.294021650e+01
2.238721140e+09,6.707760910e-02,-7.087252390e+01
2.304092980e+09,6.498703020e-02,-6.886344490e+01
2.371373710e+09,6.291738360e-02,-6.691131550e+01
2.440619070e+09,6.087062630e-02,-6.501451860e+01
2.511886430e+09,5.884872620e-02,-6.317148360e+01
2.585234840e+09,5.685363970e-02,-6.138068450e+01
2.660725060e+09,5.488729180e-02,-5.964063880e+01
2.738419630e+09,5.295155650e-02,-5.794990630e+01
2.818382930e+09,5.104823920e-02,-5.630708780e+01
2.900681200e+09,4.917906040e-02,-5.471082420e+01
2.985382620e+09,4.734564140e-02,-5.315979490e+01
3.072557370e+09,4.554949130e-02,-5.165271720e+01
3.162277660e+09,4.379199670e-02,-5.018834470e+01
3.254617830e+09,4.207441280e-02,-4.876546670e+01
3.349654390e+09,4.039785650e-02,-4.738290690e+01
3.447466070e+09,3.876330130e-02,-4.603952250e+01
3.548133890e+09,3.717157460e-02,-4.473420340e+01
3.651741270e+09,3.562335630e-02,-4.346587080e+01
3.758374040e+09,3.411917850e-02,-4.223347680e+01
3.868120550e+09,3.265942830e-02,-4.103600330e+01
3.981071710e+09,3.124435000e-02,-3.987246100e+01
4.097321100e+09,2.987405030e-02,-3.874188890e+01
4.216965030e+09,2.854850310e-02,-3.764335320e+01
4.340102640e+09,2.726755620e-02,-3.657594650e+01
4.466835920e+09,2.603093840e-02,-3.553878740e+01
4.597269890e+09,2.483826700e-02,-3.453101930e+01
4.731512590e+09,2.368905620e-02,-3.355180990e+01
4.869675250e+09,2.258272480e-02,-3.260035070e+01
5.011872340e+09,2.151860580e-02,-3.167585600e+01
5.158221650e+09,2.049595420e-02,-3.077756220e+01
5.308844440e+09,1.951395590e-02,-2.990472750e+01
5.463865500e+09,1.857173600e-02,-2.905663110e+01
5.623413250e+09,1.766836710e-02,-2.823257250e+01
5.787619880e+09,1.680287730e-02,-2.743187130e+01
5.956621440e+09,1.597425750e-02,-2.665386590e+01
6.130557920e+09,1.518146890e-02,-2.589791380e+01
6.309573440e+09,1.442344950e-02,-2.516339050e+01
6.493816320e+09,1.369912040e-02,-2.444968920e+01
6.683439180e+09,1.300739190e-02,-2.375622030e+01
6.878599120e+09,1.234716890e-02,-2.308241090e+01
7.079457840e+09,1.171735540e-02,-2.242770410e+01
7.286181750e+09,1.111685950e-02,-2.179155900e+01
7.498942090e+09,1.054459720e-02,-2.117344990e+01
7.717915160e+09,9.999495950e-03,-2.057286580e+01
7.943282350e+09,9.480497910e-03,-1.998931050e+01
8.175230380e+09,8.986562700e-03,-1.942230140e+01
8.413951420e+09,8.516669880e-03,-1.887137000e+01
8.659643230e+09,8.069820900e-03,-1.833606060e+01
8.912509380e+09,7.645040940e-03,-1.781593080e+01
9.172759350e+09,7.241380300e-03,-1.731055040e+01
9.440608760e+09,6.857915530e-03,-1.681950150e+01
9.716279520e+09,6.493750390e-03,-1.634237810e+01
1.000000000e+10,6.148016460e-03,-1.587878550e+01
1.029200530e+10,5.819873660e-03,-1.542834020e+01
1.059253730e+10,5.508510460e-03,-1.499066980e+01
1.090184490e+10,5.213144030e-03,-1.456541200e+01
1.122018450e+10,4.933020180e-03,-1.415221520e+01
1.154781980e+10,4.667413180e-03,-1.375073740e+01
1.188502230e+10,4.415625450e-03,-1.336064650e+01
1.223207120e+10,4.176987230e-03,-1.298161980e+01
1.258925410e+10,3.950856040e-03,-1.261334350e+01
1.295686700e+10,3.736616160e-03,-1.225551290e+01
1.333521430e+10,3.533678050e-03,-1.190783180e+01
1.372460960e+10,3.341477630e-03,-1.157001260e+01
1.412537540e+10,3.159475670e-03,-1.124177570e+01
1.453784390e+10,2.987156980e-03,-1.092284920e+01
1.496235660e+10,2.824029720e-03,-1.061296940e+01
1.539926530e+10,2.669624600e-03,-1.031187950e+01
1.584893190e+10,2.523494140e-03,-1.001933050e+01
1.631172910e+10,2.385211870e-03,-9.735080080e+00
1.678804020e+10,2.254371550e-03,-9.458892960e+00
1.727825980e+10,2.130586390e-03,-9.190540470e+00
1.778279410e+10,2.013488330e-03,-8.929800440e+00
1.830206110e+10,1.902727220e-03,-8.676456980e+00
1.883649090e+10,1.797970130e-03,-8.430300330e+00
1.938652640e+10,1.698900600e-03,-8.191126680e+00
1.995262310e+10,1.605217920e-03,-7.958737970e+00
2.053525030e+10,1.516636480e-03,-7.732941770e+00
2.113489040e+10,1.432885060e-03,-7.513551110e+00
2.175204030e+10,1.353706200e-03,-7.300384300e+00
2.238721140e+10,1.278855580e-03,-7.093264830e+00
2.304092980e+10,1.208101370e-03,-6.892021170e+00
2.371373710e+10,1.141223690e-03,-6.696486650e+00
2.440619070e+10,1.078014030e-03,-6.506499340e+00
2.511886430e+10,1.018274690e-03,-6.321901900e+00
2.585234840e+10,9.618182940e-04,-6.142541440e+00
2.660725060e+10,9.084672420e-04,-5.968269400e+00
2.738419630e+10,8.580532690e-04,-5.798941470e+00
2.818382930e+10,8.104169680e-04,-5.634417370e+00
2.900681200e+10,7.654073510e-04,-5.474560860e+00
2.985382620e+10,7.228814290e-04,-5.319239530e+00
3.072557370e+10,6.827038070e-04,-5.168324720e+00
3.162277660e+10,6.447463050e-04,-5.021691440e+00
3.254617830e+10,6.088875840e-04,-4.879218220e+00
3.349654390e+10,5.750128010e-04,-4.740787070e+00
3.447466070e+10,5.430132740e-04,-4.606283300e+00
3.548133890e+10,5.127861630e-04,-4.475595510e+00
3.651741270e+10,4.842341670e-04,-4.348615440e+00
3.758374040e+10,4.572652390e-04,-4.225237920e+00
3.868120550e+10,4.317923070e-04,-4.105360740e+00
3.981071710e+10,4.077330170e-04,-3.988884600e+00
4.097321100e+10,3.850094820e-04,-3.875713010e+00
4.216965030e+10,3.635480490e-04,-3.765752240e+00
4.340102640e+10,3.432790730e-04,-3.658911180e+00
4.466835920e+10,3.241367050e-04,-3.555101330e+00
4.597269890e+10,3.060586880e-04,-3.454236710e+00
4.731512590e+10,2.889861700e-04,-3.356233750e+00
4.869675250e+10,2.728635180e-04,-3.261011260e+00
5.011872340e+10,2.576381450e-04,-3.168490380e+00
5.158221650e+10,2.432603490e-04,-3.078594440e+00
5.308844440e+10,2.296831580e-04,-2.991248990e+00
5.463865500e+10,2.168621770e-04,-2.906381650e+00
5.623413250e+10,2.047554580e-04,-2.823922130e+00
5.787619880e+10,1.933233570e-04,-2.743802120e+00
5.956621440e+10,1.825284190e-04,-2.665955240e+00
6.130557920e+10,1.723352510e-04,-2.590317010e+00
6.309573440e+10,1.627104150e-04,-2.516824750e+00
6.493816320e+10,1.536223190e-04,-2.445417590e+00
6.683439180e+10,1.450411170e-04,-2.376036370e+00
6.878599120e+10,1.369386130e-04,-2.308623620e+00
7.079457840e+10,1.292881720e-04,-2.243123480e+00
7.286181750e+10,1.220646340e-04,-2.179481700e+00
7.498942090e+10,1.152442310e-04,-2.117645540e+00
7.717915160e+10,1.088045150e-04,-2.057563790e+00
7.943282350e+10,1.027242800e-04,-1.999186660e+00
8.175230380e+10,9.698349780e-05,-1.942465800e+00
8.413951420e+10,9.156325280e-05,-1.887354210e+00
8.659643230e+10,8.644567850e-05,-1.833806240e+00
8.912509380e+10,8.161390130e-05,-1.781777520e+00
9.172759350e+10,7.705198530e-05,-1.731224950e+00
9.440608760e+10,7.274488060e-05,-1.682106660e+00
9.716279520e+10,6.867837410e-05,-1.634381940e+00
1.000000000e+11,6.483904340e-05,-1.588011270e+00
