frequency_Hz,Asminus_real,Asminus_imag
1.000000000e+00,7.823008090e-01,-4.418475000e-06
1.029200530e+00,7.823008090e-01,-4.547496800e-06
1.059253730e+00,7.823008090e-01,-4.680286100e-06
1.090184490e+00,7.823008090e-01,-4.816952930e-06
1.122018450e+00,7.823008090e-01,-4.957610490e-06
1.154781980e+00,7.823008090e-01,-5.102375330e-06
1.188502230e+00,7.823008090e-01,-5.251367380e-06
1.223207120e+00,7.823008090e-01,-5.404710080e-06
1.258925410e+00,7.823008090e-01,-5.562530460e-06
1.295686700e+00,7.823008090e-01,-5.724959280e-06
1.333521430e+00,7.823008090e-01,-5.892131110e-06
1.372460960e+00,7.823008090e-01,-6.064184450e-06
1.412537540e+00,7.823008090e-01,-6.241261830e-06
1.453784390e+00,7.823008090e-01,-6.423509960e-06
1.496235660e+00,7.823008090e-01,-6.611079840e-06
1.539926530e+00,7.823008090e-01,-6.804126860e-06
1.584893190e+00,7.823008090e-01,-7.002810950e-06
1.631172910e+00,7.823008090e-01,-7.207296720e-06
1.678804020e+00,7.823008090e-01,-7.417753590e-06
1.727825980e+00,7.823008090e-01,-7.634355900e-06
1.778279410e+00,7.823008090e-01,-7.857283120e-06
1.830206110e+00,7.823008090e-01,-8.086719930e-06
1.883649090e+00,7.823008090e-01,-8.322856410e-06
1.938652640e+00,7.823008090e-01,-8.565888210e-06
1.995262310e+00,7.823008090e-01,-8.816016660e-06
2.053525030e+00,7.823008090e-01,-9.073448990e-06
2.113489040e+00,7.823008090e-01,-9.338398490e-06
2.175204030e+00,7.823008090e-01,-9.611084650e-06
2.238721140e+00,7.823008090e-01,-9.891733380e-06
2.304092980e+00,7.823008090e-01,-1.018057720e-05
2.371373710e+00,7.823008090e-01,-1.047785540e-05
2.440619070e+00,7.823008090e-01,-1.078381430e-05
2.511886430e+00,7.823008090e-01,-1.109870740e-05
2.585234840e+00,7.823008090e-01,-1.142279550e-05
2.660725060e+00,7.823008090e-01,-1.175634720e-05
2.738419630e+00,7.823008090e-01,-1.209963870e-05
2.818382930e+00,7.823008090e-01,-1.245295450e-05
2.900681200e+00,7.823008090e-01,-1.281658740e-05
2.985382620e+00,7.823008090e-01,-1.319083850e-05
3.072557370e+00,7.823008090e-01,-1.357601790e-05
3.162277660e+00,7.823008090e-01,-1.397244480e-05
3.254617830e+00,7.823008090e-01,-1.438044750e-05
3.349654390e+00,7.823008090e-01,-1.480036420e-05
3.447466070e+00,7.823008090e-01,-1.523254260e-05
3.548133890e+00,7.823008090e-01,-1.567734090e-05
3.651741270e+00,7.823008090e-01,-1.613512750e-05
3.758374040e+00,7.823008090e-01,-1.660628170e-05
3.868120550e+00,7.823008090e-01,-1.709119390e-05
3.981071710e+00,7.823008090e-01,-1.759026580e-05
4.097321100e+00,7.823008090e-01,-1.810391080e-05
4.216965030e+00,7.823008090e-01,-1.863255460e-05
4.340102640e+00,7.823008090e-01,-1.917663500e-05
4.466835920e+00,7.823008090e-01,-1.973660280e-05
4.597269890e+00,7.823008090e-01,-2.031292200e-05
4.731512590e+00,7.823008090e-01,-2.090607010e-05
4.869675250e+00,7.823008090e-01,-2.151653830e-05
5.011872340e+00,7.823008090e-01,-2.214483260e-05
5.158221650e+00,7.823008080e-01,-2.279147340e-05
5.308844440e+00,7.823008080e-01,-2.345699640e-05
5.463865500e+00,7.823008080e-01,-2.414195310e-05
5.623413250e+00,7.823008080e-01,-2.484691090e-05
5.787619880e+00,7.823008080e-01,-2.557245370e-05
5.956621440e+00,7.823008080e-01,-2.631918290e-05
6.130557920e+00,7.823008080e-01,-2.708771690e-05
6.309573440e+00,7.823008080e-01,-2.787869250e-05
6.493816320e+00,7.823008080e-01,-2.869276500e-05
6.683439180e+00,7.823008080e-01,-2.953060890e-05
6.878599120e+00,7.823008080e-01,-3.039291820e-05
7.079457840e+00,7.823008080e-01,-3.128040750e-05
7.286181750e+00,7.823008080e-01,-3.219381180e-05
7.498942090e+00,7.823008080e-01,-3.313388810e-05
7.717915160e+00,7.823008080e-01,-3.410141510e-05
7.943282350e+00,7.823008080e-01,-3.509719440e-05
8.175230380e+00,7.823008070e-01,-3.612205100e-05
8.413951420e+00,7.823008070e-01,-3.717683390e-05
8.659643230e+00,7.823008070e-01,-3.826241710e-05
8.912509380e+00,7.823008070e-01,-3.937969980e-05
9.172759350e+00,7.823008070e-01,-4.052960780e-05
9.440608760e+00,7.823008070e-01,-4.171309370e-05
9.716279520e+00,7.823008070e-01,-4.293113800e-05
1.000000000e+01,7.823008070e-01,-4.418474990e-05
1.029200530e+01,7.823008060e-01,-4.547496780e-05
1.059253730e+01,7.823008060e-01,-4.680286090e-05
1.090184490e+01,7.823008060e-01,-4.816952910e-05
1.122018450e+01,7.823008060e-01,-4.957610470e-05
1.154781980e+01,7.823008060e-01,-5.102375310e-05
1.188502230e+01,7.823008060e-01,-5.251367360e-05
1.223207120e+01,7.823008050e-01,-5.404710050e-05
1.258925410e+01,7.823008050e-01,-5.562530430e-05
1.295686700e+01,7.823008050e-01,-5.724959250e-05
1.333521430e+01,7.823008050e-01,-5.892131080e-05
1.372460960e+01,7.823008040e-01,-6.064184410e-05
1.412537540e+01,7.823008040e-01,-6.241261790e-05
1.453784390e+01,7.823008040e-01,-6.423509920e-05
1.496235660e+01,7.823008030e-01,-6.611079790e-05
1.539926530e+01,7.823008030e-01,-6.804126810e-05
1.584893190e+01,7.823008030e-01,-7.002810890e-05
1.631172910e+01,7.823008020e-01,-7.207296660e-05
1.678804020e+01,7.823008020e-01,-7.417753520e-05
1.727825980e+01,7.823008020e-01,-7.634355830e-05
1.778279410e+01,7.823008010e-01,-7.857283040e-05
1.830206110e+01,7.823008010e-01,-8.086719840e-05
1.883649090e+01,7.823008000e-01,-8.322856320e-05
1.938652640e+01,7.823008000e-01,-8.565888100e-05
1.995262310e+01,7.823007990e-01,-8.816016540e-05
2.053525030e+01,7.823007980e-01,-9.073448870e-05
2.113489040e+01,7.823007980e-01,-9.338398350e-05
2.175204030e+01,7.823007970e-01,-9.611084500e-05
2.238721140e+01,7.823007960e-01,-9.891733220e-05
2.304092980e+01,7.823007960e-01,-1.018057700e-04
2.371373710e+01,7.823007950e-01,-1.047785520e-04
2.440619070e+01,7.823007940e-01,-1.078381410e-04
2.511886430e+01,7.823007930e-01,-1.109870720e-04
2.585234840e+01,7.823007920e-01,-1.142279530e-04
2.660725060e+01,7.823007910e-01,-1.175634690e-04
2.738419630e+01,7.823007900e-01,-1.209963840e-04
2.818382930e+01,7.823007890e-01,-1.245295420e-04
2.900681200e+01,7.823007880e-01,-1.281658700e-04
2.985382620e+01,7.823007870e-01,-1.319083810e-04
3.072557370e+01,7.823007850e-01,-1.357601750e-04
3.162277660e+01,7.823007840e-01,-1.397244430e-04
3.254617830e+01,7.823007820e-01,-1.438044700e-04
3.349654390e+01,7.823007810e-01,-1.480036360e-04
3.447466070e+01,7.823007790e-01,-1.523254200e-04
3.548133890e+01,7.823007770e-01,-1.567734030e-04
3.651741270e+01,7.823007750e-01,-1.613512680e-04
3.758374040e+01,7.823007730e-01,-1.660628100e-04
3.868120550e+01,7.823007710e-01,-1.709119310e-04
3.981071710e+01,7.823007690e-01,-1.759026490e-04
4.097321100e+01,7.823007670e-01,-1.810390980e-04
4.216965030e+01,7.823007640e-01,-1.863255350e-04
4.340102640e+01,7.823007610e-01,-1.917663380e-04
4.466835920e+01,7.823007590e-01,-1.973660160e-04
4.597269890e+01,7.823007560e-01,-2.031292060e-04
4.731512590e+01,7.823007520e-01,-2.090606860e-04
4.869675250e+01,7.823007490e-01,-2.151653670e-04
5.011872340e+01,7.823007450e-01,-2.214483080e-04
5.158221650e+01,7.823007420e-01,-2.279147140e-04
5.308844440e+01,7.823007380e-01,-2.345699430e-04
5.463865500e+01,7.823007330e-01,-2.414195070e-04
5.623413250e+01,7.823007290e-01,-2.484690830e-04
5.787619880e+01,7.823007240e-01,-2.557245090e-04
5.956621440e+01,7.823007190e-01,-2.631917980e-04
6.130557920e+01,7.823007140e-01,-2.708771360e-04
6.309573440e+01,7.823007080e-01,-2.787868890e-04
6.493816320e+01,7.823007020e-01,-2.869276110e-04
6.683439180e+01,7.823006960e-01,-2.953060460e-04
6.878599120e+01,7.823006890e-01,-3.039291350e-04
7.079457840e+01,7.823006820e-01,-3.128040230e-04
7.286181750e+01,7.823006740e-01,-3.219380630e-04
7.498942090e+01,7.823006660e-01,-3.313388200e-04
7.717915160e+01,7.823006580e-01,-3.410140850e-04
7.943282350e+01,7.823006490e-01,-3.509718720e-04
8.175230380e+01,7.823006400e-01,-3.612204310e-04
8.413951420e+01,7.823006300e-01,-3.717682530e-04
8.659643230e+01,7.823006190e-01,-3.826240770e-04
8.912509380e+01,7.823006080e-01,-3.937968960e-04
9.172759350e+01,7.823005960e-01,-4.052959670e-04
9.440608760e+01,7.823005830e-01,-4.171308160e-04
9.716279520e+01,7.823005700e-01,-4.293112480e-04
1.000000000e+02,7.823005550e-01,-4.418473550e-04
1.029200530e+02,7.823005400e-01,-4.547495210e-04
1.059253730e+02,7.823005250e-01,-4.680284370e-04
1.090184490e+02,7.823005080e-01,-4.816951040e-04
1.122018450e+02,7.823004900e-01,-4.957608430e-04
1.154781980e+02,7.823004710e-01,-5.102373090e-04
1.188502230e+02,7.823004510e-01,-5.251364940e-04
1.223207120e+02,7.823004300e-01,-5.404707410e-04
1.258925410e+02,7.823004070e-01,-5.562527550e-04
1.295686700e+02,7.823003830e-01,-5.724956110e-04
1.333521430e+02,7.823003580e-01,-5.892127660e-04
1.372460960e+02,7.823003310e-01,-6.064180680e-04
1.412537540e+02,7.823003030e-01,-6.241257720e-04
1.453784390e+02,7.823002730e-01,-6.423505490e-04
1.496235660e+02,7.823002410e-01,-6.611074960e-04
1.539926530e+02,7.823002080e-01,-6.804121540e-04
1.584893190e+02,7.823001720e-01,-7.002805150e-04
1.631172910e+02,7.823001340e-01,-7.207290400e-04
1.678804020e+02,7.823000940e-01,-7.417746700e-04
1.727825980e+02,7.823000520e-01,-7.634348390e-04
1.778279410e+02,7.823000070e-01,-7.857274930e-04
1.830206110e+02,7.822999590e-01,-8.086711000e-04
1.883649090e+02,7.822999090e-01,-8.322846680e-04
1.938652640e+02,7.822998560e-01,-8.565877600e-04
1.995262310e+02,7.822997990e-01,-8.816005090e-04
2.053525030e+02,7.822997390e-01,-9.073436380e-04
2.113489040e+02,7.822996760e-01,-9.338384740e-04
2.175204030e+02,7.822996090e-01,-9.611069660e-04
2.238721140e+02,7.822995380e-01,-9.891717040e-04
2.304092980e+02,7.822994620e-01,-1.018055940e-03
2.371373710e+02,7.822993830e-01,-1.047783600e-03
2.440619070e+02,7.822992980e-01,-1.078379320e-03
2.511886430e+02,7.822992090e-01,-1.109868430e-03
2.585234840e+02,7.822991140e-01,-1.142277030e-03
2.660725060e+02,7.822990130e-01,-1.175631970e-03
2.738419630e+02,7.822989070e-01,-1.209960880e-03
2.818382930e+02,7.822987940e-01,-1.245292190e-03
2.900681200e+02,7.822986750e-01,-1.281655180e-03
2.985382620e+02,7.822985480e-01,-1.319079970e-03
3.072557370e+02,7.822984140e-01,-1.357597570e-03
3.162277660e+02,7.822982720e-01,-1.397239870e-03
3.254617830e+02,7.822981220e-01,-1.438039730e-03
3.349654390e+02,7.822979630e-01,-1.480030950e-03
3.447466070e+02,7.822977940e-01,-1.523248300e-03
3.548133890e+02,7.822976160e-01,-1.567727590e-03
3.651741270e+02,7.822974260e-01,-1.613505660e-03
3.758374040e+02,7.822972260e-01,-1.660620440e-03
3.868120550e+02,7.822970140e-01,-1.709110960e-03
3.981071710e+02,7.822967890e-01,-1.759017390e-03
4.097321100e+02,7.822965500e-01,-1.810381070e-03
4.216965030e+02,7.822962980e-01,-1.863244540e-03
4.340102640e+02,7.822960310e-01,-1.917651590e-03
4.466835920e+02,7.822957480e-01,-1.973647310e-03
4.597269890e+02,7.822954480e-01,-2.031278060e-03
4.731512590e+02,7.822951300e-01,-2.090591580e-03
4.869675250e+02,7.822947940e-01,-2.151637020e-03
5.011872340e+02,7.822944370e-01,-2.214464930e-03
5.158221650e+02,7.822940600e-01,-2.279127350e-03
5.308844440e+02,7.822936600e-01,-2.345677850e-03
5.463865500e+02,7.822932360e-01,-2.414171560e-03
5.623413250e+02,7.822927870e-01,-2.484665190e-03
5.787619880e+02,7.822923120e-01,-2.557217140e-03
5.956621440e+02,7.822918090e-01,-2.631887510e-03
6.130557920e+02,7.822912750e-01,-2.708738140e-03
6.309573440e+02,7.822907100e-01,-2.787832670e-03
6.493816320e+02,7.822901120e-01,-2.869236620e-03
6.683439180e+02,7.822894780e-01,-2.953017410e-03
6.878599120e+02,7.822888070e-01,-3.039244430e-03
7.079457840e+02,7.822880960e-01,-3.127989080e-03
7.286181750e+02,7.822873420e-01,-3.219324860e-03
7.498942090e+02,7.822865440e-01,-3.313327400e-03
7.717915160e+02,7.822856990e-01,-3.410074560e-03
7.943282350e+02,7.822848040e-01,-3.509646460e-03
8.175230380e+02,7.822838550e-01,-3.612125530e-03
8.413951420e+02,7.822828510e-01,-3.717596650e-03
8.659643230e+02,7.822817870e-01,-3.826147140e-03
8.912509380e+02,7.822806600e-01,-3.937866890e-03
9.172759350e+02,7.822794660e-01,-4.052848390e-03
9.440608760e+02,7.822782010e-01,-4.171186850e-03
9.716279520e+02,7.822768620e-01,-4.292980230e-03
1.000000000e+03,7.822754430e-01,-4.418329370e-03
1.029200530e+03,7.822739400e-01,-4.547338030e-03
1.059253730e+03,7.822723480e-01,-4.680113020e-03
1.090184490e+03,7.822706610e-01,-4.816764230e-03
1.122018450e+03,7.822688750e-01,-4.957404780e-03
1.154781980e+03,7.822669830e-01,-5.102151070e-03
1.188502230e+03,7.822649780e-01,-5.251122890e-03
1.223207120e+03,7.822628550e-01,-5.404443540e-03
1.258925410e+03,7.822606070e-01,-5.562239890e-03
1.295686700e+03,7.822582250e-01,-5.724642500e-03
1.333521430e+03,7.822557020e-01,-5.891785770e-03
1.372460960e+03,7.822530290e-01,-6.063807960e-03
1.412537540e+03,7.822501980e-01,-6.240851390e-03
1.453784390e+03,7.822471990e-01,-6.423062510e-03
1.496235660e+03,7.822440230e-01,-6.610592040e-03
1.539926530e+03,7.822406580e-01,-6.803595060e-03
1.584893190e+03,7.822370940e-01,-7.002231200e-03
1.631172910e+03,7.822333190e-01,-7.206664690e-03
1.678804020e+03,7.822293210e-01,-7.417064560e-03
1.727825980e+03,7.822250850e-01,-7.633604740e-03
1.778279410e+03,7.822205990e-01,-7.856464210e-03
1.830206110e+03,7.822158470e-01,-8.085827180e-03
1.883649090e+03,7.822108130e-01,-8.321883160e-03
1.938652640e+03,7.822054810e-01,-8.564827180e-03
1.995262310e+03,7.821998330e-01,-8.814859960e-03
2.053525030e+03,7.821938510e-01,-9.072187980e-03
2.113489040e+03,7.821875140e-01,-9.337023770e-03
2.175204030e+03,7.821808020e-01,-9.609585960e-03
2.238721140e+03,7.821736920e-01,-9.890099550e-03
2.304092980e+03,7.821661610e-01,-1.017879610e-02
2.371373710e+03,7.821581840e-01,-1.047591370e-02
2.440619070e+03,7.821497350e-01,-1.078169750e-02
2.511886430e+03,7.821407850e-01,-1.109639970e-02
2.585234840e+03,7.821313050e-01,-1.142027970e-02
2.660725060e+03,7.821212640e-01,-1.175360450e-02
2.738419630e+03,7.821106280e-01,-1.209664870e-02
2.818382930e+03,7.820993620e-01,-1.244969490e-02
2.900681200e+03,7.820874290e-01,-1.281303380e-02
2.985382620e+03,7.820747890e-01,-1.318696450e-02
3.072557370e+03,7.820614000e-01,-1.357179470e-02
3.162277660e+03,7.820472190e-01,-1.396784080e-02
3.254617830e+03,7.820321980e-01,-1.437542840e-02
3.349654390e+03,7.820162880e-01,-1.479489250e-02
3.447466070e+03,7.819994360e-01,-1.522657770e-02
3.548133890e+03,7.819815850e-01,-1.567083810e-02
3.651741270e+03,7.819626790e-01,-1.612803850e-02
3.758374040e+03,7.819426520e-01,-1.659855360e-02
3.868120550e+03,7.819214410e-01,-1.708276900e-02
3.981071710e+03,7.818989740e-01,-1.758108140e-02
4.097321100e+03,7.818751760e-01,-1.809389840e-02
4.216965030e+03,7.818499710e-01,-1.862163960e-02
4.340102640e+03,7.818232740e-01,-1.916473600e-02
4.466835920e+03,7.817949960e-01,-1.972363130e-02
4.597269890e+03,7.817650460e-01,-2.029878120e-02
4.731512590e+03,7.817333230e-01,-2.089065460e-02
4.869675250e+03,7.816997240e-01,-2.149973330e-02
5.011872340e+03,7.816641370e-01,-2.212651290e-02
5.158221650e+03,7.816264450e-01,-2.277150250e-02
5.308844440e+03,7.815865230e-01,-2.343522560e-02
5.463865500e+03,7.815442410e-01,-2.411822020e-02
5.623413250e+03,7.814994580e-01,-2.482103910e-02
5.787619880e+03,7.814520270e-01,-2.554425050e-02
5.956621440e+03,7.814017930e-01,-2.628843810e-02
6.130557920e+03,7.813485880e-01,-2.705420180e-02
6.309573440e+03,7.812922400e-01,-2.784215750e-02
6.493816320e+03,7.812325610e-01,-2.865293820e-02
6.683439180e+03,7.811693570e-01,-2.948719390e-02
6.878599120e+03,7.811024180e-01,-3.034559200e-02
7.079457840e+03,7.810315260e-01,-3.122881790e-02
7.286181750e+03,7.809564480e-01,-3.213757520e-02
7.498942090e+03,7.808769370e-01,-3.307258620e-02
7.717915160e+03,7.807927320e-01,-3.403459200e-02
7.943282350e+03,7.807035590e-01,-3.502435340e-02
8.175230380e+03,7.806091240e-01,-3.604265060e-02
8.413951420e+03,7.805091180e-01,-3.709028410e-02
8.659643230e+03,7.804032160e-01,-3.816807480e-02
8.912509380e+03,7.802910700e-01,-3.927686440e-02
9.172759350e+03,7.801723150e-01,-4.041751550e-02
9.440608760e+03,7.800465630e-01,-4.159091250e-02
9.716279520e+03,7.799134050e-01,-4.279796110e-02
1.000000000e+04,7.797724070e-01,-4.403958910e-02
1.029200530e+04,7.796231110e-01,-4.531674660e-02
1.059253730e+04,7.794650320e-01,-4.663040610e-02
1.090184490e+04,7.792976580e-01,-4.798156260e-02
1.122018450e+04,7.791204450e-01,-4.937123390e-02
1.154781980e+04,7.789328210e-01,-5.080046080e-02
1.188502230e+04,7.787341800e-01,-5.227030690e-02
1.223207120e+04,7.785238810e-01,-5.378185880e-02
1.258925410e+04,7.783012470e-01,-5.533622600e-02
1.295686700e+04,7.780655630e-01,-5.693454080e-02
1.333521430e+04,7.778160710e-01,-5.857795830e-02
1.372460960e+04,7.775519730e-01,-6.026765570e-02
1.412537540e+04,7.772724250e-01,-6.200483260e-02
1.453784390e+04,7.769765360e-01,-6.379071010e-02
1.496235660e+04,7.766633640e-01,-6.562653030e-02
1.539926530e+04,7.763319150e-01,-6.751355600e-02
1.584893190e+04,7.759811400e-01,-6.945306970e-02
1.631172910e+04,7.756099320e-01,-7.144637260e-02
1.678804020e+04,7.752171220e-01,-7.349478390e-02
1.727825980e+04,7.748014770e-01,-7.559963910e-02
1.778279410e+04,7.743616980e-01,-7.776228930e-02
1.830206110e+04,7.738964130e-01,-7.998409880e-02
1.883649090e+04,7.734041780e-01,-8.226644430e-02
1.938652640e+04,7.728834700e-01,-8.461071190e-02
1.995262310e+04,7.723326850e-01,-8.701829570e-02
2.053525030e+04,7.717501340e-01,-8.949059460e-02
2.113489040e+04,7.711340380e-01,-9.202901020e-02
2.175204030e+04,7.704825260e-01,-9.463494300e-02
2.238721140e+04,7.697936290e-01,-9.730978950e-02
2.304092980e+04,7.690652780e-01,-1.000549380e-01
2.371373710e+04,7.682952950e-01,-1.028717650e-01
2.440619070e+04,7.674813960e-01,-1.057616310e-01
2.511886430e+04,7.666211810e-01,-1.087258720e-01
2.585234840e+04,7.657121310e-01,-1.117658000e-01
2.660725060e+04,7.647516040e-01,-1.148826920e-01
2.738419630e+04,7.637368310e-01,-1.180777870e-01
2.818382930e+04,7.626649110e-01,-1.213522740e-01
2.900681200e+04,7.615328080e-01,-1.247072900e-01
2.985382620e+04,7.603373460e-01,-1.281439100e-01
3.072557370e+04,7.590752040e-01,-1.316631350e-01
3.162277660e+04,7.577429140e-01,-1.352658870e-01
3.254617830e+04,7.563368590e-01,-1.389529940e-01
3.349654390e+04,7.548532670e-01,-1.427251840e-01
3.447466070e+04,7.532882090e-01,-1.465830690e-01
3.548133890e+04,7.516375980e-01,-1.505271320e-01
3.651741270e+04,7.498971880e-01,-1.545577200e-01
3.758374040e+04,7.480625710e-01,-1.586750200e-01
3.868120550e+04,7.461291800e-01,-1.628790520e-01
3.981071710e+04,7.440922840e-01,-1.671696500e-01
4.097321100e+04,7.419469980e-01,-1.715464440e-01
4.216965030e+04,7.396882790e-01,-1.760088440e-01
4.340102640e+04,7.373109320e-01,-1.805560200e-01
4.466835920e+04,7.348096180e-01,-1.851868880e-01
4.597269890e+04,7.321788570e-01,-1.899000820e-01
4.731512590e+04,7.294130390e-01,-1.946939410e-01
4.869675250e+04,7.265064340e-01,-1.995664830e-01
5.011872340e+04,7.234532030e-01,-2.045153860e-01
5.158221650e+04,7.202474150e-01,-2.095379670e-01
5.308844440e+04,7.168830630e-01,-2.146311580e-01
5.463865500e+04,7.133540790e-01,-2.197914870e-01
5.623413250e+04,7.096543630e-01,-2.250150530e-01
5.787619880e+04,7.057778010e-01,-2.302975090e-01
5.956621440e+04,7.017182940e-01,-2.356340380e-01
6.130557920e+04,6.974697920e-01,-2.410193380e-01
6.309573440e+04,6.930263200e-01,-2.464476000e-01
6.493816320e+04,6.883820200e-01,-2.519124950e-01
6.683439180e+04,6.835311880e-01,-2.574071580e-01
6.878599120e+04,6.784683140e-01,-2.629241780e-01
7.079457840e+04,6.731881330e-01,-2.684555900e-01
7.286181750e+04,6.676856640e-01,-2.739928690e-01
7.498942090e+04,6.619562680e-01,-2.795269280e-01
7.717915160e+04,6.559957000e-01,-2.850481220e-01
7.943282350e+04,6.498001570e-01,-2.905462580e-01
8.175230380e+04,6.433663450e-01,-2.960106060e-01
8.413951420e+04,6.366915270e-01,-3.014299150e-01
8.659643230e+04,6.297735870e-01,-3.067924460e-01
8.912509380e+04,6.226110850e-01,-3.120859950e-01
9.172759350e+04,6.152033190e-01,-3.172979370e-01
9.440608760e+04,6.075503740e-01,-3.224152670e-01
9.716279520e+04,5.996531830e-01,-3.274246550e-01
1.000000000e+05,5.915135700e-01,-3.323125030e-01
1.029200530e+05,5.831343030e-01,-3.370650130e-01
1.059253730e+05,5.745191320e-01,-3.416682590e-01
1.090184490e+05,5.656728210e-01,-3.461082640e-01
1.122018450e+05,5.566011810e-01,-3.503710880e-01
1.154781980e+05,5.473110880e-01,-3.544429170e-01
1.188502230e+05,5.378104900e-01,-3.583101590e-01
1.223207120e+05,5.281084160e-01,-3.619595370e-01
1.258925410e+05,5.182149590e-01,-3.653781950e-01
1.295686700e+05,5.081412620e-01,-3.685537970e-01
1.333521430e+05,4.978994830e-01,-3.714746270e-01
1.372460960e+05,4.875027570e-01,-3.741296890e-01
1.412537540e+05,4.769651370e-01,-3.765088030e-01
1.453784390e+05,4.663015330e-01,-3.786026980e-01
1.496235660e+05,4.555276340e-01,-3.804030960e-01
1.539926530e+05,4.446598270e-01,-3.819027900e-01
1.584893190e+05,4.337150950e-01,-3.830957140e-01
1.631172910e+05,4.227109220e-01,-3.839770020e-01
1.678804020e+05,4.116651760e-01,-3.845430350e-01
1.727825980e+05,4.005960030e-01,-3.847914800e-01
1.778279410e+05,3.895217000e-01,-3.847213080e-01
1.830206110e+05,3.784606000e-01,-3.843328100e-01
1.883649090e+05,3.674309480e-01,-3.836275920e-01
1.938652640e+05,3.564507810e-01,-3.826085570e-01
1.995262310e+05,3.455378120e-01,-3.812798790e-01
2.053525030e+05,3.347093190e-01,-3.796469590e-01
2.113489040e+05,3.239820330e-01,-3.777163740e-01
2.175204030e+05,3.133720450e-01,-3.754958120e-01
2.238721140e+05,3.028947100e-01,-3.729939990e-01
2.304092980e+05,2.925645710e-01,-3.702206160e-01
2.371373710e+05,2.823952830e-01,-3.671862160e-01
2.440619070e+05,2.723995550e-01,-3.639021220e-01
2.511886430e+05,2.625891040e-01,-3.603803380e-01
2.585234840e+05,2.529746140e-01,-3.566334410e-01
2.660725060e+05,2.435657100e-01,-3.526744850e-01
2.738419630e+05,2.343709450e-01,-3.485168970e-01
2.818382930e+05,2.253977950e-01,-3.441743790e-01
2.900681200e+05,2.166526640e-01,-3.396608140e-01
2.985382620e+05,2.081408990e-01,-3.349901670e-01
3.072557370e+05,1.998668150e-01,-3.301764030e-01
3.162277660e+05,1.918337220e-01,-3.252334020e-01
3.254617830e+05,1.840439680e-01,-3.201748820e-01
3.349654390e+05,1.764989780e-01,-3.150143310e-01
3.447466070e+05,1.691993060e-01,-3.097649430e-01
3.548133890e+05,1.621446830e-01,-3.044395600e-01
3.651741270e+05,1.553340750e-01,-2.990506290e-01
3.758374040e+05,1.487657360e-01,-2.936101520e-01
3.868120550e+05,1.424372710e-01,-2.881296570e-01
3.981071710e+05,1.363456890e-01,-2.826201680e-01
4.097321100e+05,1.304874640e-01,-2.770921800e-01
4.216965030e+05,1.248585940e-01,-2.715556480e-01
4.340102640e+05,1.194546520e-01,-2.660199700e-01
4.466835920e+05,1.142708420e-01,-2.604939860e-01
4.597269890e+05,1.093020530e-01,-2.549859750e-01
4.731512590e+05,1.045429040e-01,-2.495036560e-01
4.869675250e+05,9.998779680e-02,-2.440541990e-01
5.011872340e+05,9.563095270e-02,-2.386442300e-01
5.158221650e+05,9.146645820e-02,-2.332798490e-01
5.308844440e+05,8.748830100e-02,-2.279666390e-01
5.463865500e+05,8.369040500e-02,-2.227096850e-01
5.623413250e+05,8.006666210e-02,-2.175135960e-01
5.787619880e+05,7.661096070e-02,-2.123825200e-01
5.956621440e+05,7.331721210e-02,-2.073201660e-01
6.130557920e+05,7.017937330e-02,-2.023298260e-01
6.309573440e+05,6.719146750e-02,-1.974143950e-01
6.493816320e+05,6.434760240e-02,-1.925763950e-01
6.683439180e+05,6.164198590e-02,-1.878179960e-01
6.878599120e+05,5.906893920e-02,-1.831410340e-01
7.079457840e+05,5.662290880e-02,-1.785470400e-01
7.286181750e+05,5.429847570e-02,-1.740372530e-01
7.498942090e+05,5.209036310e-02,-1.696126420e-01
7.717915160e+05,4.999344310e-02,-1.652739300e-01
7.943282350e+05,4.800274140e-02,-1.610216060e-01
8.175230380e+05,4.611344040e-02,-1.568559510e-01
8.413951420e+05,4.432088200e-02,-1.527770450e-01
8.659643230e+05,4.262056850e-02,-1.487847940e-01
8.912509380e+05,4.100816360e-02,-1.448789380e-01
9.172759350e+05,3.947949100e-02,-1.410590690e-01
9.440608760e+05,3.803053410e-02,-1.373246450e-01
9.716279520e+05,3.665743380e-02,-1.336750020e-01
1.000000000e+06,3.535648610e-02,-1.301093670e-01
1.029200530e+06,3.412413960e-02,-1.266268700e-01
1.059253730e+06,3.295699200e-02,-1.232265510e-01
1.090184490e+06,3.185178720e-02,-1.199073780e-01
1.122018450e+06,3.080541060e-02,-1.166682460e-01
1.154781980e+06,2.981488620e-02,-1.135079960e-01
1.188502230e+06,2.887737170e-02,-1.104254140e-01
1.223207120e+06,2.799015460e-02,-1.074192440e-01
1.258925410e+06,2.715064810e-02,-1.044881950e-01
1.295686700e+06,2.635638610e-02,-1.016309430e-01
1.333521430e+06,2.560501980e-02,-9.884613980e-02
1.372460960e+06,2.489431220e-02,-9.613241840e-02
1.412537540e+06,2.422213480e-02,-9.348839670e-02
1.453784390e+06,2.358646260e-02,-9.091268240e-02
1.496235660e+06,2.298537020e-02,-8.840387710e-02
1.539926530e+06,2.241702770e-02,-8.596057970e-02
1.584893190e+06,2.187969650e-02,-8.358138960e-02
1.631172910e+06,2.137172520e-02,-8.126491000e-02
1.678804020e+06,2.089154620e-02,-7.900975030e-02
1.727825980e+06,2.043767150e-02,-7.681452860e-02
1.778279410e+06,2.000868920e-02,-7.467787370e-02
1.830206110e+06,1.960326010e-02,-7.259842730e-02
1.883649090e+06,1.922011450e-02,-7.057484510e-02
1.938652640e+06,1.885804810e-02,-6.860579910e-02
1.995262310e+06,1.851591990e-02,-6.668997820e-02
2.053525030e+06,1.819264850e-02,-6.482608960e-02
2.113489040e+06,1.788720930e-02,-6.301285980e-02
2.175204030e+06,1.759863180e-02,-6.124903540e-02
2.238721140e+06,1.732599700e-02,-5.953338370e-02
2.304092980e+06,1.706843450e-02,-5.786469360e-02
2.371373710e+06,1.682512060e-02,-5.624177560e-02
2.440619070e+06,1.659527530e-02,-5.466346260e-02
2.511886430e+06,1.637816050e-02,-5.312861000e-02
2.585234840e+06,1.617307780e-02,-5.163609580e-02
2.660725060e+06,1.597936620e-02,-5.018482120e-02
2.738419630e+06,1.579640070e-02,-4.877371010e-02
2.818382930e+06,1.562358970e-02,-4.740170930e-02
2.900681200e+06,1.546037390e-02,-4.606778890e-02
2.985382620e+06,1.530622430e-02,-4.477094140e-02
3.072557370e+06,1.516064070e-02,-4.351018230e-02
3.162277660e+06,1.502314990e-02,-4.228454960e-02
3.254617830e+06,1.489330480e-02,-4.109310350e-02
3.349654390e+06,1.477068260e-02,-3.993492650e-02
3.447466070e+06,1.465488350e-02,-3.880912300e-02
3.548133890e+06,1.454552980e-02,-3.771481870e-02
3.651741270e+06,1.444226440e-02,-3.665116100e-02
3.758374040e+06,1.434474980e-02,-3.561731780e-02
3.868120550e+06,1.425266700e-02,-3.461247800e-02
3.981071710e+06,1.416571470e-02,-3.363585080e-02
4.097321100e+06,1.408360800e-02,-3.268666510e-02
4.216965030e+06,1.400607780e-02,-3.176416970e-02
4.340102640e+06,1.393286980e-02,-3.086763240e-02
4.466835920e+06,1.386374380e-02,-2.999633990e-02
4.597269890e+06,1.379847280e-02,-2.914959750e-02
4.731512590e+06,1.373684240e-02,-2.832672860e-02
4.869675250e+06,1.367865000e-02,-2.752707410e-02
5.011872340e+06,1.362370420e-02,-2.674999260e-02
5.158221650e+06,1.357182430e-02,-2.599485940e-02
5.308844440e+06,1.352283950e-02,-2.526106660e-02
5.463865500e+06,1.347658850e-02,-2.454802230e-02
5.623413250e+06,1.343291910e-02,-2.385515070e-02
5.787619880e+06,1.339168720e-02,-2.318189140e-02
5.956621440e+06,1.335275700e-02,-2.252769900e-02
6.130557920e+06,1.331600010e-02,-2.189204300e-02
6.309573440e+06,1.328129540e-02,-2.127440740e-02
6.493816320e+06,1.324852830e-02,-2.067429000e-02
6.683439180e+06,1.321759070e-02,-2.009120260e-02
6.878599120e+06,1.318838040e-02,-1.952467010e-02
7.079457840e+06,1.316080110e-02,-1.897423070e-02
7.286181750e+06,1.313476160e-02,-1.843943510e-02
7.498942090e+06,1.311017610e-02,-1.791984660e-02
7.717915160e+06,1.308696310e-02,-1.741504050e-02
7.943282350e+06,1.306504610e-02,-1.692460380e-02
8.175230380e+06,1.304435260e-02,-1.644813500e-02
8.413951420e+06,1.302481420e-02,-1.598524390e-02
8.659643230e+06,1.300636640e-02,-1.553555090e-02
8.912509380e+06,1.298894800e-02,-1.509868740e-02
9.172759350e+06,1.297250160e-02,-1.467429470e-02
9.440608760e+06,1.295697280e-02,-1.426202440e-02
9.716279520e+06,1.294231010e-02,-1.386153790e-02
1.000000000e+07,1.292846510e-02,-1.347250600e-02
1.029200530e+07,1.291539190e-02,-1.309460890e-02
1.059253730e+07,1.290304730e-02,-1.272753560e-02
1.090184490e+07,1.289139050e-02,-1.237098410e-02
1.122018450e+07,1.288038290e-02,-1.202466090e-02
1.154781980e+07,1.286998800e-02,-1.168828080e-02
1.188502230e+07,1.286017150e-02,-1.136156660e-02
1.223207120e+07,1.285090080e-02,-1.104424920e-02
1.258925410e+07,1.284214530e-02,-1.073606700e-02
1.295686700e+07,1.283387600e-02,-1.043676590e-02
1.333521430e+07,1.282606540e-02,-1.014609890e-02
1.372460960e+07,1.281868780e-02,-9.863826440e-03
1.412537540e+07,1.281171870e-02,-9.589715480e-03
1.453784390e+07,1.280513500e-02,-9.323539790e-03
1.496235660e+07,1.279891490e-02,-9.065079650e-03
1.539926530e+07,1.279303790e-02,-8.814121660e-03
1.584893190e+07,1.278748440e-02,-8.570458560e-03
1.631172910e+07,1.278223600e-02,-8.333889090e-03
1.678804020e+07,1.277727550e-02,-8.104217810e-03
1.727825980e+07,1.277258620e-02,-7.881254960e-03
1.778279410e+07,1.276815280e-02,-7.664816290e-03
1.830206110e+07,1.276396060e-02,-7.454722900e-03
1.883649090e+07,1.275999550e-02,-7.250801130e-03
1.938652640e+07,1.275624460e-02,-7.052882390e-03
1.995262310e+07,1.275269530e-02,-6.860803040e-03
2.053525030e+07,1.274933600e-02,-6.674404250e-03
2.113489040e+07,1.274615550e-02,-6.493531860e-03
2.175204030e+07,1.274314310e-02,-6.318036270e-03
2.238721140e+07,1.274028910e-02,-6.147772310e-03
2.304092980e+07,1.273758390e-02,-5.982599140e-03
2.371373710e+07,1.273501850e-02,-5.822380090e-03
2.440619070e+07,1.273258450e-02,-5.666982610e-03
2.511886430e+07,1.273027380e-02,-5.516278100e-03
2.585234840e+07,1.272807870e-02,-5.370141850e-03
2.660725060e+07,1.272599190e-02,-5.228452920e-03
2.738419630e+07,1.272400660e-02,-5.091094020e-03
2.818382930e+07,1.272211610e-02,-4.957951470e-03
2.900681200e+07,1.272031430e-02,-4.828915040e-03
2.985382620e+07,1.271859500e-02,-4.703877920e-03
3.072557370e+07,1.271695270e-02,-4.582736580e-03
3.162277660e+07,1.271538190e-02,-4.465390710e-03
3.254617830e+07,1.271387740e-02,-4.351743160e-03
3.349654390e+07,1.271243420e-02,-4.241699810e-03
3.447466070e+07,1.271104740e-02,-4.135169510e-03
3.548133890e+07,1.270971260e-02,-4.032064050e-03
3.651741270e+07,1.270842530e-02,-3.932298010e-03
3.758374040e+07,1.270718120e-02,-3.835788750e-03
3.868120550e+07,1.270597630e-02,-3.742456320e-03
3.981071710e+07,1.270480640e-02,-3.652223390e-03
4.097321100e+07,1.270366780e-02,-3.565015190e-03
4.216965030e+07,1.270255670e-02,-3.480759430e-03
4.340102640e+07,1.270146930e-02,-3.399386300e-03
4.466835920e+07,1.270040220e-02,-3.320828340e-03
4.597269890e+07,1.269935170e-02,-3.245020410e-03
4.731512590e+07,1.269831440e-02,-3.171899660e-03
4.869675250e+07,1.269728680e-02,-3.101405440e-03
5.011872340e+07,1.269626550e-02,-3.033479270e-03
5.158221650e+07,1.269524730e-02,-2.968064800e-03
5.308844440e+07,1.269422860e-02,-2.905107720e-03
5.463865500e+07,1.269320610e-02,-2.844555780e-03
5.623413250e+07,1.269217650e-02,-2.786358690e-03
5.787619880e+07,1.269113630e-02,-2.730468100e-03
5.956621440e+07,1.269008210e-02,-2.676837550e-03
6.130557920e+07,1.268901040e-02,-2.625422460e-03
6.309573440e+07,1.268791770e-02,-2.576180030e-03
6.493816320e+07,1.268680030e-02,-2.529069290e-03
6.683439180e+07,1.268565460e-02,-2.484050970e-03
6.878599120e+07,1.268447670e-02,-2.441087550e-03
7.079457840e+07,1.268326290e-02,-2.400143170e-03
7.286181750e+07,1.268200910e-02,-2.361183610e-03
7.498942090e+07,1.268071110e-02,-2.324176280e-03
7.717915160e+07,1.267936470e-02,-2.289090190e-03
7.943282350e+07,1.267796540e-02,-2.255895890e-03
8.175230380e+07,1.267650870e-02,-2.224565460e-03
8.413951420e+07,1.267498970e-02,-2.195072510e-03
8.659643230e+07,1.267340340e-02,-2.167392110e-03
8.912509380e+07,1.267174470e-02,-2.141500780e-03
9.172759350e+07,1.267000800e-02,-2.117376510e-03
9.440608760e+07,1.266818770e-02,-2.094998670e-03
9.716279520e+07,1.266627780e-02,-2.074348030e-03
1.000000000e+08,1.266427200e-02,-2.055406720e-03
1.029200530e+08,1.266216380e-02,-2.038158230e-03
1.059253730e+08,1.265994620e-02,-2.022587370e-03
1.090184490e+08,1.265761200e-02,-2.008680260e-03
1.122018450e+08,1.265515350e-02,-1.996424320e-03
1.154781980e+08,1.265256280e-02,-1.985808230e-03
1.188502230e+08,1.264983140e-02,-1.976821930e-03
1.223207120e+08,1.264695030e-02,-1.969456590e-03
1.258925410e+08,1.264391010e-02,-1.963704620e-03
1.295686700e+08,1.264070110e-02,-1.959559610e-03
1.333521430e+08,1.263731270e-02,-1.957016350e-03
1.372460960e+08,1.263373390e-02,-1.956070780e-03
1.412537540e+08,1.262995320e-02,-1.956720020e-03
1.453784390e+08,1.262595830e-02,-1.958962280e-03
1.496235660e+08,1.262173630e-02,-1.962796930e-03
1.539926530e+08,1.261727350e-02,-1.968224410e-03
1.584893190e+08,1.261255560e-02,-1.975246250e-03
1.631172910e+08,1.260756740e-02,-1.983865010e-03
1.678804020e+08,1.260229290e-02,-1.994084330e-03
1.727825980e+08,1.259671520e-02,-2.005908840e-03
1.778279410e+08,1.259081640e-02,-2.019344140e-03
1.830206110e+08,1.258457770e-02,-2.034396840e-03
1.883649090e+08,1.257797920e-02,-2.051074460e-03
1.938652640e+08,1.257099990e-02,-2.069385430e-03
1.995262310e+08,1.256361790e-02,-2.089339070e-03
2.053525030e+08,1.255580960e-02,-2.110945560e-03
2.113489040e+08,1.254755060e-02,-2.134215850e-03
2.175204030e+08,1.253881480e-02,-2.159161710e-03
2.238721140e+08,1.252957490e-02,-2.185795610e-03
2.304092980e+08,1.251980210e-02,-2.214130720e-03
2.371373710e+08,1.250946600e-02,-2.244180820e-03
2.440619070e+08,1.249853450e-02,-2.275960310e-03
2.511886430e+08,1.248697400e-02,-2.309484080e-03
2.585234840e+08,1.247474900e-02,-2.344767480e-03
2.660725060e+08,1.246182190e-02,-2.381826260e-03
2.738419630e+08,1.244815360e-02,-2.420676490e-03
2.818382930e+08,1.243370270e-02,-2.461334430e-03
2.900681200e+08,1.241842550e-02,-2.503816530e-03
2.985382620e+08,1.240227650e-02,-2.548139230e-03
3.072557370e+08,1.238520760e-02,-2.594318950e-03
3.162277660e+08,1.236716830e-02,-2.642371900e-03
3.254617830e+08,1.234810570e-02,-2.692313990e-03
3.349654390e+08,1.232796430e-02,-2.744160710e-03
3.447466070e+08,1.230668590e-02,-2.797926930e-03
3.548133890e+08,1.228420940e-02,-2.853626810e-03
3.651741270e+08,1.226047100e-02,-2.911273590e-03
3.758374040e+08,1.223540400e-02,-2.970879380e-03
3.868120550e+08,1.220893850e-02,-3.032455050e-03
3.981071710e+08,1.218100150e-02,-3.096009930e-03
4.097321100e+08,1.215151690e-02,-3.161551630e-03
4.216965030e+08,1.212040530e-02,-3.229085800e-03
4.340102640e+08,1.208758400e-02,-3.298615840e-03
4.466835920e+08,1.205296690e-02,-3.370142670e-03
4.597269890e+08,1.201646470e-02,-3.443664380e-03
4.731512590e+08,1.197798440e-02,-3.519176000e-03
4.869675250e+08,1.193742970e-02,-3.596669090e-03
5.011872340e+08,1.189470090e-02,-3.676131440e-03
5.158221650e+08,1.184969500e-02,-3.757546700e-03
5.308844440e+08,1.180230550e-02,-3.840894010e-03
5.463865500e+08,1.175242280e-02,-3.926147570e-03
5.623413250e+08,1.169993400e-02,-4.013276250e-03
5.787619880e+08,1.164472350e-02,-4.102243160e-03
5.956621440e+08,1.158667260e-02,-4.193005190e-03
6.130557920e+08,1.152566000e-02,-4.285512580e-03
6.309573440e+08,1.146156230e-02,-4.379708430e-03
6.493816320e+08,1.139425370e-02,-4.475528240e-03
6.683439180e+08,1.132360700e-02,-4.572899420e-03
6.878599120e+08,1.124949340e-02,-4.671740830e-03
7.079457840e+08,1.117178350e-02,-4.771962300e-03
7.286181750e+08,1.109034750e-02,-4.873464150e-03
7.498942090e+08,1.100505560e-02,-4.976136770e-03
7.717915160e+08,1.091577900e-02,-5.079860140e-03
7.943282350e+08,1.082239060e-02,-5.184503470e-03
8.175230380e+08,1.072476530e-02,-5.289924840e-03
8.413951420e+08,1.062278140e-02,-5.395970800e-03
8.659643230e+08,1.051632110e-02,-5.502476170e-03
8.912509380e+08,1.040527170e-02,-5.609263800e-03
9.172759350e+08,1.028952630e-02,-5.716144400e-03
9.440608760e+08,1.016898520e-02,-5.822916510e-03
9.716279520e+08,1.004355720e-02,-5.929366480e-03
1.000000000e+09,9.913160100e-03,-6.035268670e-03
1.029200530e+09,9.777722580e-03,-6.140385570e-03
1.059253730e+09,9.637185150e-03,-6.244468280e-03
1.090184490e+09,9.491501500e-03,-6.347256880e-03
1.122018450e+09,9.340639780e-03,-6.448481120e-03
1.154781980e+09,9.184583860e-03,-6.547861180e-03
1.188502230e+09,9.023334570e-03,-6.645108540e-03
1.223207120e+09,8.856910940e-03,-6.739927070e-03
1.258925410e+09,8.685351320e-03,-6.832014280e-03
1.295686700e+09,8.508714470e-03,-6.921062630e-03
1.333521430e+09,8.327080470e-03,-7.006761110e-03
1.372460960e+09,8.140551640e-03,-7.088796880e-03
1.412537540e+09,7.949253170e-03,-7.166857070e-03
1.453784390e+09,7.753333710e-03,-7.240630730e-03
1.496235660e+09,7.552965670e-03,-7.309810810e-03
1.539926530e+09,7.348345400e-03,-7.374096320e-03
1.584893190e+09,7.139693110e-03,-7.433194470e-03
1.631172910e+09,6.927252600e-03,-7.486822910e-03
1.678804020e+09,6.711290670e-03,-7.534711950e-03
1.727825980e+09,6.492096370e-03,-7.576606740e-03
1.778279410e+09,6.269979990e-03,-7.612269480e-03
1.830206110e+09,6.045271750e-03,-7.641481420e-03
1.883649090e+09,5.818320300e-03,-7.664044890e-03
1.938652640e+09,5.589490990e-03,-7.679785080e-03
1.995262310e+09,5.359163920e-03,-7.688551660e-03
2.053525030e+09,5.127731800e-03,-7.690220270e-03
2.113489040e+09,4.895597680e-03,-7.684693680e-03
2.175204030e+09,4.663172510e-03,-7.671902780e-03
2.238721140e+09,4.430872610e-03,-7.651807260e-03
2.304092980e+09,4.199117080e-03,-7.624396040e-03
2.371373710e+09,3.968325190e-03,-7.589687420e-03
2.440619070e+09,3.738913730e-03,-7.547728910e-03
2.511886430e+09,3.511294490e-03,-7.498596840e-03
2.585234840e+09,3.285871720e-03,-7.442395600e-03
2.660725060e+09,3.063039730e-03,-7.379256790e-03
2.738419630e+09,2.843180710e-03,-7.309337930e-03
2.818382930e+09,2.626662580e-03,-7.232821120e-03
2.900681200e+09,2.413837150e-03,-7.149911430e-03
2.985382620e+09,2.205038400e-03,-7.060835140e-03
3.072557370e+09,2.000581060e-03,-6.965837880e-03
3.162277660e+09,1.800759370e-03,-6.865182630e-03
3.254617830e+09,1.605846080e-03,-6.759147690e-03
3.349654390e+09,1.416091720e-03,-6.648024600e-03
3.447466070e+09,1.231724070e-03,-6.532116050e-03
3.548133890e+09,1.052947820e-03,-6.411733810e-03
3.651741270e+09,8.799445710e-04,-6.287196720e-03
3.758374040e+09,7.128728540e-04,-6.158828770e-03
3.868120550e+09,5.518684640e-04,-6.026957210e-03
3.981071710e+09,3.970448920e-04,-5.891910800e-03
4.097321100e+09,2.484939100e-04,-5.754018220e-03
4.216965030e+09,1.062862700e-04,-5.613606560e-03
4.340102640e+09,-2.952749280e-05,-5.470999910e-03
4.466835920e+09,-1.589161920e-04,-5.326518200e-03
4.597269890e+09,-2.818670560e-04,-5.180476080e-03
4.731512590e+09,-3.983847650e-04,-5.033181950e-03
4.869675250e+09,-5.084904620e-04,-4.884937160e-03
5.011872340e+09,-6.122207680e-04,-4.736035340e-03
5.158221650e+09,-7.096267960e-04,-4.586761740e-03
5.308844440e+09,-8.007731990e-04,-4.437392820e-03
5.463865500e+09,-8.857372410e-04,-4.288195850e-03
5.623413250e+09,-9.646079060e-04,-4.139428590e-03
5.787619880e+09,-1.037485060e-03,-3.991339060e-03
5.956621440e+09,-1.104478650e-03,-3.844165400e-03
6.130557920e+09,-1.165707970e-03,-3.698135700e-03
6.309573440e+09,-1.221300930e-03,-3.553467990e-03
6.493816320e+09,-1.271393460e-03,-3.410370080e-03
6.683439180e+09,-1.316128830e-03,-3.269039610e-03
6.878599120e+09,-1.355657160e-03,-3.129663970e-03
7.079457840e+09,-1.390134850e-03,-2.992420320e-03
7.286181750e+09,-1.419724050e-03,-2.857475520e-03
7.498942090e+09,-1.444592250e-03,-2.724986130e-03
7.717915160e+09,-1.464911730e-03,-2.595098370e-03
7.943282350e+09,-1.480859170e-03,-2.467948060e-03
8.175230380e+09,-1.492615150e-03,-2.343660620e-03
8.413951420e+09,-1.500363730e-03,-2.222350950e-03
8.659643230e+09,-1.504291950e-03,-2.104123420e-03
8.912509380e+09,-1.504589350e-03,-1.989071790e-03
9.172759350e+09,-1.501447500e-03,-1.877279170e-03
9.440608760e+09,-1.495059460e-03,-1.768817980e-03
9.716279520e+09,-1.485619250e-03,-1.663749930e-03
1.000000000e+10,-1.473321290e-03,-1.562126020e-03
1.029200530e+10,-1.458359830e-03,-1.463986580e-03
1.059253730e+10,-1.440928360e-03,-1.369361320e-03
1.090184490e+10,-1.421219000e-03,-1.278269430e-03
1.122018450e+10,-1.399421890e-03,-1.190719770e-03
1.154781980e+10,-1.375724570e-03,-1.106711030e-03
1.188502230e+10,-1.350311390e-03,-1.026231960e-03
1.223207120e+10,-1.323362900e-03,-9.492617270e-04
1.258925410e+10,-1.295055250e-03,-8.757702050e-04
1.295686700e+10,-1.265559680e-03,-8.057184070e-04
1.333521430e+10,-1.235041930e-03,-7.390589210e-04
1.372460960e+10,-1.203661810e-03,-6.757364030e-04
1.412537540e+10,-1.171572720e-03,-6.156881140e-04
1.453784390e+10,-1.138921270e-03,-5.588444850e-04
1.496235660e+10,-1.105846940e-03,-5.051297190e-04
1.539926530e+10,-1.072481770e-03,-4.544624100e-04
1.584893190e+10,-1.038950150e-03,-4.067561830e-04
1.631172910e+10,-1.005368670e-03,-3.619203420e-04
1.678804020e+10,-9.718459680e-04,-3.198605220e-04
1.727825980e+10,-9.384827010e-04,-2.804793350e-04
1.778279410e+10,-9.053715640e-04,-2.436770020e-04
1.830206110e+10,-8.725973380e-04,-2.093519790e-04
1.883649090e+10,-8.402370080e-04,-1.774015460e-04
1.938652640e+10,-8.083599250e-04,-1.477223780e-04
1.995262310e+10,-7.770280120e-04,-1.202110850e-04
2.053525030e+10,-7.462960060e-04,-9.476470830e-05
2.113489040e+10,-7.162117330e-04,-7.128118660e-05
2.175204030e+10,-6.868164150e-04,-4.965978020e-05
2.238721140e+10,-6.581449960e-04,-2.980145270e-05
2.304092980e+10,-6.302264880e-04,-1.160921170e-05
2.371373710e+10,-6.030843280e-04,5.011591920e-06
2.440619070e+10,-5.767367470e-04,2.015300610e-05
2.511886430e+10,-5.511971380e-04,3.390425940e-05
2.585234840e+10,-5.264744280e-04,4.635158180e-05
2.660725060e+10,-5.025734450e-04,5.757806050e-05
2.738419630e+10,-4.794952790e-04,6.766353210e-05
2.818382930e+10,-4.572376310e-04,7.668450450e-05
2.900681200e+10,-4.357951590e-04,8.471410980e-05
2.985382620e+10,-4.151597950e-04,9.182208300e-05
3.072557370e+10,-3.953210630e-04,9.807476530e-05
3.162277660e+10,-3.762663710e-04,1.035351280e-04
3.254617830e+10,-3.579812910e-04,1.082628170e-04
3.349654390e+10,-3.404498140e-04,1.123142120e-04
3.447466070e+10,-3.236546000e-04,1.157425000e-04
3.548133890e+10,-3.075771950e-04,1.185977600e-04
3.651741270e+10,-2.921982440e-04,1.209270620e-04
3.758374040e+10,-2.774976760e-04,1.227745640e-04
3.868120550e+10,-2.634548800e-04,1.241816290e-04
3.981071710e+10,-2.500488610e-04,1.251869300e-04
4.097321100e+10,-2.372583770e-04,1.258265730e-04
4.216965030e+10,-2.250620730e-04,1.261342110e-04
4.340102640e+10,-2.134385860e-04,1.261411650e-04
4.466835920e+10,-2.023666490e-04,1.258765420e-04
4.597269890e+10,-1.918251780e-04,1.253673510e-04
4.731512590e+10,-1.817933460e-04,1.246386200e-04
4.869675250e+10,-1.722506500e-04,1.237135050e-04
5.011872340e+10,-1.631769670e-04,1.226134050e-04
5.158221650e+10,-1.545525990e-04,1.213580620e-04
5.308844440e+10,-1.463583170e-04,1.199656680e-04
5.463865500e+10,-1.385753880e-04,1.184529620e-04
5.623413250e+10,-1.311856050e-04,1.168353240e-04
5.787619880e+10,-1.241713020e-04,1.151268630e-04
5.956621440e+10,-1.175153720e-04,1.133405060e-04
6.130557920e+10,-1.112012730e-04,1.114880800e-04
6.309573440e+10,-1.052130400e-04,1.095803840e-04
6.493816320e+10,-9.953527870e-05,1.076272670e-04
6.683439180e+10,-9.415317070e-05,1.056376940e-04
6.878599120e+10,-8.905246640e-05,1.036198140e-04
7.079457840e+10,-8.421947950e-05,1.015810170e-04
7.286181750e+10,-7.964107890e-05,9.952799160e-05
7.498942090e+10,-7.530467790e-05,9.746678280e-05
7.717915160e+10,-7.119822350e-05,9.540283740e-05
7.943282350e+10,-6.731018310e-05,9.334105280e-05
8.175230380e+10,-6.362953130e-05,9.128582060e-05
8.413951420e+10,-6.014573520e-05,8.924106680e-05
8.659643230e+10,-5.684873980e-05,8.721029020e-05
8.912509380e+10,-5.372895240e-05,8.519659690e-05
9.172759350e+10,-5.077722730e-05,8.320273370e-05
9.440608760e+10,-4.798484970e-05,8.123111800e-05
9.716279520e+10,-4.534352010e-05,7.928386580e-05
1.000000000e+11,-4.284533850e-05,7.736281810e-05
