frequency_Hz,Asplus_real,Asplus_imag
1.000000000e+00,9.999960630e-01,-5.718494340e-06
1.029200530e+00,9.999960630e-01,-5.885477390e-06
1.059253730e+00,9.999960630e-01,-6.057336440e-06
1.090184490e+00,9.999960630e-01,-6.234213850e-06
1.122018450e+00,9.999960630e-01,-6.416256190e-06
1.154781980e+00,9.999960630e-01,-6.603614250e-06
1.188502230e+00,9.999960630e-01,-6.796443270e-06
1.223207120e+00,9.999960630e-01,-6.994902990e-06
1.258925410e+00,9.999960630e-01,-7.199157850e-06
1.295686700e+00,9.999960630e-01,-7.409377050e-06
1.333521430e+00,9.999960630e-01,-7.625734770e-06
1.372460960e+00,9.999960630e-01,-7.848410240e-06
1.412537540e+00,9.999960630e-01,-8.077587960e-06
1.453784390e+00,9.999960630e-01,-8.313457790e-06
1.496235660e+00,9.999960630e-01,-8.556215140e-06
1.539926530e+00,9.999960630e-01,-8.806061130e-06
1.584893190e+00,9.999960630e-01,-9.063202760e-06
1.631172910e+00,9.999960630e-01,-9.327853060e-06
1.678804020e+00,9.999960630e-01,-9.600231280e-06
1.727825980e+00,9.999960630e-01,-9.880563100e-06
1.778279410e+00,9.999960630e-01,-1.016908070e-05
1.830206110e+00,9.999960630e-01,-1.046602330e-05
1.883649090e+00,9.999960630e-01,-1.077163670e-05
1.938652640e+00,9.999960630e-01,-1.108617410e-05
1.995262310e+00,9.999960630e-01,-1.140989630e-05
2.053525030e+00,9.999960630e-01,-1.174307120e-05
2.113489040e+00,9.999960630e-01,-1.208597510e-05
2.175204030e+00,9.999960630e-01,-1.243889200e-05
2.238721140e+00,9.999960630e-01,-1.280211420e-05
2.304092980e+00,9.999960630e-01,-1.317594270e-05
2.371373710e+00,9.999960630e-01,-1.356068710e-05
2.440619070e+00,9.999960630e-01,-1.395666630e-05
2.511886430e+00,9.999960630e-01,-1.436420840e-05
2.585234840e+00,9.999960630e-01,-1.478365080e-05
2.660725060e+00,9.999960630e-01,-1.521534120e-05
2.738419630e+00,9.999960630e-01,-1.565963720e-05
2.818382930e+00,9.999960630e-01,-1.611690680e-05
2.900681200e+00,9.999960630e-01,-1.658752900e-05
2.985382620e+00,9.999960630e-01,-1.707189360e-05
3.072557370e+00,9.999960630e-01,-1.757040190e-05
3.162277660e+00,9.999960630e-01,-1.808346690e-05
3.254617830e+00,9.999960630e-01,-1.861151370e-05
3.349654390e+00,9.999960630e-01,-1.915497970e-05
3.447466070e+00,9.999960630e-01,-1.971431520e-05
3.548133890e+00,9.999960620e-01,-2.028998360e-05
3.651741270e+00,9.999960620e-01,-2.088246180e-05
3.758374040e+00,9.999960620e-01,-2.149224070e-05
3.868120550e+00,9.999960620e-01,-2.211982550e-05
3.981071710e+00,9.999960620e-01,-2.276573600e-05
4.097321100e+00,9.999960620e-01,-2.343050750e-05
4.216965030e+00,9.999960620e-01,-2.411469070e-05
4.340102640e+00,9.999960620e-01,-2.481885240e-05
4.466835920e+00,9.999960620e-01,-2.554357590e-05
4.597269890e+00,9.999960620e-01,-2.628946180e-05
4.731512590e+00,9.999960620e-01,-2.705712800e-05
4.869675250e+00,9.999960620e-01,-2.784721040e-05
5.011872340e+00,9.999960620e-01,-2.866036360e-05
5.158221650e+00,9.999960620e-01,-2.949726130e-05
5.308844440e+00,9.999960620e-01,-3.035859690e-05
5.463865500e+00,9.999960620e-01,-3.124508390e-05
5.623413250e+00,9.999960620e-01,-3.215745680e-05
5.787619880e+00,9.999960620e-01,-3.309647150e-05
5.956621440e+00,9.999960620e-01,-3.406290600e-05
6.130557920e+00,9.999960620e-01,-3.505756080e-05
6.309573440e+00,9.999960620e-01,-3.608126000e-05
6.493816320e+00,9.999960620e-01,-3.713485180e-05
6.683439180e+00,9.999960610e-01,-3.821920910e-05
6.878599120e+00,9.999960610e-01,-3.933523010e-05
7.079457840e+00,9.999960610e-01,-4.048383960e-05
7.286181750e+00,9.999960610e-01,-4.166598900e-05
7.498942090e+00,9.999960610e-01,-4.288265790e-05
7.717915160e+00,9.999960610e-01,-4.413485410e-05
7.943282350e+00,9.999960610e-01,-4.542361510e-05
8.175230380e+00,9.999960610e-01,-4.675000860e-05
8.413951420e+00,9.999960610e-01,-4.811513350e-05
8.659643230e+00,9.999960600e-01,-4.952012070e-05
8.912509380e+00,9.999960600e-01,-5.096613440e-05
9.172759350e+00,9.999960600e-01,-5.245437230e-05
9.440608760e+00,9.999960600e-01,-5.398606770e-05
9.716279520e+00,9.999960600e-01,-5.556248930e-05
1.000000000e+01,9.999960600e-01,-5.718494330e-05
1.029200530e+01,9.999960590e-01,-5.885477370e-05
1.059253730e+01,9.999960590e-01,-6.057336410e-05
1.090184490e+01,9.999960590e-01,-6.234213830e-05
1.122018450e+01,9.999960590e-01,-6.416256160e-05
1.154781980e+01,9.999960590e-01,-6.603614220e-05
1.188502230e+01,9.999960580e-01,-6.796443230e-05
1.223207120e+01,9.999960580e-01,-6.994902960e-05
1.258925410e+01,9.999960580e-01,-7.199157810e-05
1.295686700e+01,9.999960570e-01,-7.409377010e-05
1.333521430e+01,9.999960570e-01,-7.625734720e-05
1.372460960e+01,9.999960570e-01,-7.848410200e-05
1.412537540e+01,9.999960560e-01,-8.077587910e-05
1.453784390e+01,9.999960560e-01,-8.313457730e-05
1.496235660e+01,9.999960560e-01,-8.556215070e-05
1.539926530e+01,9.999960550e-01,-8.806061060e-05
1.584893190e+01,9.999960550e-01,-9.063202680e-05
1.631172910e+01,9.999960540e-01,-9.327852970e-05
1.678804020e+01,9.999960540e-01,-9.600231190e-05
1.727825980e+01,9.999960530e-01,-9.880563000e-05
1.778279410e+01,9.999960530e-01,-1.016908060e-04
1.830206110e+01,9.999960520e-01,-1.046602320e-04
1.883649090e+01,9.999960510e-01,-1.077163650e-04
1.938652640e+01,9.999960510e-01,-1.108617400e-04
1.995262310e+01,9.999960500e-01,-1.140989610e-04
2.053525030e+01,9.999960490e-01,-1.174307110e-04
2.113489040e+01,9.999960480e-01,-1.208597490e-04
2.175204030e+01,9.999960470e-01,-1.243889180e-04
2.238721140e+01,9.999960460e-01,-1.280211400e-04
2.304092980e+01,9.999960450e-01,-1.317594240e-04
2.371373710e+01,9.999960440e-01,-1.356068690e-04
2.440619070e+01,9.999960430e-01,-1.395666610e-04
2.511886430e+01,9.999960420e-01,-1.436420810e-04
2.585234840e+01,9.999960410e-01,-1.478365050e-04
2.660725060e+01,9.999960400e-01,-1.521534090e-04
2.738419630e+01,9.999960380e-01,-1.565963680e-04
2.818382930e+01,9.999960370e-01,-1.611690640e-04
2.900681200e+01,9.999960350e-01,-1.658752860e-04
2.985382620e+01,9.999960340e-01,-1.707189310e-04
3.072557370e+01,9.999960320e-01,-1.757040140e-04
3.162277660e+01,9.999960300e-01,-1.808346630e-04
3.254617830e+01,9.999960280e-01,-1.861151300e-04
3.349654390e+01,9.999960260e-01,-1.915497900e-04
3.447466070e+01,9.999960240e-01,-1.971431440e-04
3.548133890e+01,9.999960220e-01,-2.028998280e-04
3.651741270e+01,9.999960190e-01,-2.088246090e-04
3.758374040e+01,9.999960170e-01,-2.149223970e-04
3.868120550e+01,9.999960140e-01,-2.211982440e-04
3.981071710e+01,9.999960110e-01,-2.276573480e-04
4.097321100e+01,9.999960080e-01,-2.343050620e-04
4.216965030e+01,9.999960050e-01,-2.411468930e-04
4.340102640e+01,9.999960010e-01,-2.481885080e-04
4.466835920e+01,9.999959970e-01,-2.554357430e-04
4.597269890e+01,9.999959940e-01,-2.628946000e-04
4.731512590e+01,9.999959890e-01,-2.705712600e-04
4.869675250e+01,9.999959850e-01,-2.784720820e-04
5.011872340e+01,9.999959800e-01,-2.866036120e-04
5.158221650e+01,9.999959760e-01,-2.949725880e-04
5.308844440e+01,9.999959700e-01,-3.035859410e-04
5.463865500e+01,9.999959650e-01,-3.124508090e-04
5.623413250e+01,9.999959590e-01,-3.215745350e-04
5.787619880e+01,9.999959530e-01,-3.309646790e-04
5.956621440e+01,9.999959460e-01,-3.406290200e-04
6.130557920e+01,9.999959400e-01,-3.505755650e-04
6.309573440e+01,9.999959320e-01,-3.608125530e-04
6.493816320e+01,9.999959240e-01,-3.713484670e-04
6.683439180e+01,9.999959160e-01,-3.821920350e-04
6.878599120e+01,9.999959080e-01,-3.933522410e-04
7.079457840e+01,9.999958980e-01,-4.048383300e-04
7.286181750e+01,9.999958890e-01,-4.166598180e-04
7.498942090e+01,9.999958780e-01,-4.288265000e-04
7.717915160e+01,9.999958670e-01,-4.413484550e-04
7.943282350e+01,9.999958560e-01,-4.542360570e-04
8.175230380e+01,9.999958430e-01,-4.674999840e-04
8.413951420e+01,9.999958300e-01,-4.811512240e-04
8.659643230e+01,9.999958170e-01,-4.952010860e-04
8.912509380e+01,9.999958020e-01,-5.096612120e-04
9.172759350e+01,9.999957870e-01,-5.245435790e-04
9.440608760e+01,9.999957700e-01,-5.398605200e-04
9.716279520e+01,9.999957530e-01,-5.556247220e-04
1.000000000e+02,9.999957350e-01,-5.718492460e-04
1.029200530e+02,9.999957150e-01,-5.885475340e-04
1.059253730e+02,9.999956950e-01,-6.057334200e-04
1.090184490e+02,9.999956730e-01,-6.234211410e-04
1.122018450e+02,9.999956500e-01,-6.416253520e-04
1.154781980e+02,9.999956250e-01,-6.603611350e-04
1.188502230e+02,9.999955990e-01,-6.796440100e-04
1.223207120e+02,9.999955720e-01,-6.994899540e-04
1.258925410e+02,9.999955430e-01,-7.199154090e-04
1.295686700e+02,9.999955120e-01,-7.409372950e-04
1.333521430e+02,9.999954790e-01,-7.625730300e-04
1.372460960e+02,9.999954440e-01,-7.848405370e-04
1.412537540e+02,9.999954080e-01,-8.077582650e-04
1.453784390e+02,9.999953690e-01,-8.313452000e-04
1.496235660e+02,9.999953280e-01,-8.556208820e-04
1.539926530e+02,9.999952840e-01,-8.806054250e-04
1.584893190e+02,9.999952380e-01,-9.063195250e-04
1.631172910e+02,9.999951890e-01,-9.327844880e-04
1.678804020e+02,9.999951380e-01,-9.600222370e-04
1.727825980e+02,9.999950830e-01,-9.880553380e-04
1.778279410e+02,9.999950250e-01,-1.016907020e-03
1.830206110e+02,9.999949630e-01,-1.046601170e-03
1.883649090e+02,9.999948980e-01,-1.077162410e-03
1.938652640e+02,9.999948290e-01,-1.108616040e-03
1.995262310e+02,9.999947560e-01,-1.140988130e-03
2.053525030e+02,9.999946780e-01,-1.174305490e-03
2.113489040e+02,9.999945960e-01,-1.208595730e-03
2.175204030e+02,9.999945090e-01,-1.243887260e-03
2.238721140e+02,9.999944170e-01,-1.280209300e-03
2.304092980e+02,9.999943200e-01,-1.317591960e-03
2.371373710e+02,9.999942170e-01,-1.356066200e-03
2.440619070e+02,9.999941070e-01,-1.395663890e-03
2.511886430e+02,9.999939910e-01,-1.436417850e-03
2.585234840e+02,9.999938690e-01,-1.478361820e-03
2.660725060e+02,9.999937390e-01,-1.521530570e-03
2.738419630e+02,9.999936010e-01,-1.565959850e-03
2.818382930e+02,9.999934550e-01,-1.611686470e-03
2.900681200e+02,9.999933010e-01,-1.658748300e-03
2.985382620e+02,9.999931370e-01,-1.707184350e-03
3.072557370e+02,9.999929630e-01,-1.757034720e-03
3.162277660e+02,9.999927800e-01,-1.808340730e-03
3.254617830e+02,9.999925850e-01,-1.861144870e-03
3.349654390e+02,9.999923790e-01,-1.915490890e-03
3.447466070e+02,9.999921610e-01,-1.971423800e-03
3.548133890e+02,9.999919300e-01,-2.028989940e-03
3.651741270e+02,9.999916850e-01,-2.088237000e-03
3.758374040e+02,9.999914250e-01,-2.149214060e-03
3.868120550e+02,9.999911510e-01,-2.211971640e-03
3.981071710e+02,9.999908600e-01,-2.276561710e-03
4.097321100e+02,9.999905510e-01,-2.343037790e-03
4.216965030e+02,9.999902250e-01,-2.411454940e-03
4.340102640e+02,9.999898790e-01,-2.481869830e-03
4.466835920e+02,9.999895120e-01,-2.554340800e-03
4.597269890e+02,9.999891240e-01,-2.628927870e-03
4.731512590e+02,9.999887130e-01,-2.705692830e-03
4.869675250e+02,9.999882770e-01,-2.784699270e-03
5.011872340e+02,9.999878160e-01,-2.866012630e-03
5.158221650e+02,9.999873280e-01,-2.949700260e-03
5.308844440e+02,9.999868100e-01,-3.035831490e-03
5.463865500e+02,9.999862620e-01,-3.124477650e-03
5.623413250e+02,9.999856810e-01,-3.215712170e-03
5.787619880e+02,9.999850660e-01,-3.309610620e-03
5.956621440e+02,9.999844140e-01,-3.406250760e-03
6.130557920e+02,9.999837240e-01,-3.505712650e-03
6.309573440e+02,9.999829930e-01,-3.608078660e-03
6.493816320e+02,9.999822180e-01,-3.713433570e-03
6.683439180e+02,9.999813980e-01,-3.821864640e-03
6.878599120e+02,9.999805290e-01,-3.933461670e-03
7.079457840e+02,9.999796090e-01,-4.048317090e-03
7.286181750e+02,9.999786340e-01,-4.166526000e-03
7.498942090e+02,9.999776010e-01,-4.288186310e-03
7.717915160e+02,9.999765070e-01,-4.413398760e-03
7.943282350e+02,9.999753480e-01,-4.542267050e-03
8.175230380e+02,9.999741210e-01,-4.674897880e-03
8.413951420e+02,9.999728210e-01,-4.811401090e-03
8.659643230e+02,9.999714440e-01,-4.951889690e-03
8.912509380e+02,9.999699850e-01,-5.096480010e-03
9.172759350e+02,9.999684400e-01,-5.245291780e-03
9.440608760e+02,9.999668030e-01,-5.398448190e-03
9.716279520e+02,9.999650690e-01,-5.556076050e-03
1.000000000e+03,9.999632330e-01,-5.718305860e-03
1.029200530e+03,9.999612880e-01,-5.885271910e-03
1.059253730e+03,9.999592270e-01,-6.057112420e-03
1.090184490e+03,9.999570450e-01,-6.233969640e-03
1.122018450e+03,9.999547330e-01,-6.415989950e-03
1.154781980e+03,9.999522840e-01,-6.603324000e-03
1.188502230e+03,9.999496900e-01,-6.796126840e-03
1.223207120e+03,9.999469420e-01,-6.994558030e-03
1.258925410e+03,9.999440320e-01,-7.198781780e-03
1.295686700e+03,9.999409490e-01,-7.408967070e-03
1.333521430e+03,9.999376830e-01,-7.625287810e-03
1.372460960e+03,9.999342240e-01,-7.847922980e-03
1.412537540e+03,9.999305610e-01,-8.077056760e-03
1.453784390e+03,9.999266800e-01,-8.312878680e-03
1.496235660e+03,9.999225690e-01,-8.555583810e-03
1.539926530e+03,9.999182140e-01,-8.805372870e-03
1.584893190e+03,9.999136020e-01,-9.062452430e-03
1.631172910e+03,9.999087160e-01,-9.327035060e-03
1.678804020e+03,9.999035410e-01,-9.599339520e-03
1.727825980e+03,9.998980590e-01,-9.879590920e-03
1.778279410e+03,9.998922530e-01,-1.016802090e-02
1.830206110e+03,9.998861020e-01,-1.046486780e-02
1.883649090e+03,9.998795870e-01,-1.077037710e-02
1.938652640e+03,9.998726870e-01,-1.108480090e-02
1.995262310e+03,9.998653770e-01,-1.140839920e-02
2.053525030e+03,9.998576350e-01,-1.174143920e-02
2.113489040e+03,9.998494330e-01,-1.208419590e-02
2.175204030e+03,9.998407460e-01,-1.243695230e-02
2.238721140e+03,9.998315450e-01,-1.279999960e-02
2.304092980e+03,9.998217980e-01,-1.317363740e-02
2.371373710e+03,9.998114740e-01,-1.355817400e-02
2.440619070e+03,9.998005390e-01,-1.395392660e-02
2.511886430e+03,9.997889560e-01,-1.436122160e-02
2.585234840e+03,9.997766870e-01,-1.478039470e-02
2.660725060e+03,9.997636910e-01,-1.521179150e-02
2.738419630e+03,9.997499250e-01,-1.565576750e-02
2.818382930e+03,9.997353450e-01,-1.611268820e-02
2.900681200e+03,9.997199000e-01,-1.658293000e-02
2.985382620e+03,9.997035420e-01,-1.706687990e-02
3.072557370e+03,9.996862140e-01,-1.756493610e-02
3.162277660e+03,9.996678600e-01,-1.807750830e-02
3.254617830e+03,9.996484200e-01,-1.860501780e-02
3.349654390e+03,9.996278280e-01,-1.914789810e-02
3.447466070e+03,9.996060180e-01,-1.970659520e-02
3.548133890e+03,9.995829160e-01,-2.028156750e-02
3.651741270e+03,9.995584460e-01,-2.087328700e-02
3.758374040e+03,9.995325270e-01,-2.148223870e-02
3.868120550e+03,9.995050750e-01,-2.210892180e-02
3.981071710e+03,9.994759970e-01,-2.275384930e-02
4.097321100e+03,9.994451980e-01,-2.341754920e-02
4.216965030e+03,9.994125770e-01,-2.410056420e-02
4.340102640e+03,9.993780240e-01,-2.480345240e-02
4.466835920e+03,9.993414270e-01,-2.552678780e-02
4.597269890e+03,9.993026650e-01,-2.627116040e-02
4.731512590e+03,9.992616090e-01,-2.703717680e-02
4.869675250e+03,9.992181230e-01,-2.782546090e-02
5.011872340e+03,9.991720660e-01,-2.863665370e-02
5.158221650e+03,9.991232840e-01,-2.947141450e-02
5.308844440e+03,9.990716160e-01,-3.033042050e-02
5.463865500e+03,9.990168930e-01,-3.121436820e-02
5.623413250e+03,9.989589340e-01,-3.212397300e-02
5.787619880e+03,9.988975480e-01,-3.305997020e-02
5.956621440e+03,9.988325330e-01,-3.402311530e-02
6.130557920e+03,9.987636750e-01,-3.501418460e-02
6.309573440e+03,9.986907470e-01,-3.603397550e-02
6.493816320e+03,9.986135090e-01,-3.708330700e-02
6.683439180e+03,9.985317080e-01,-3.816302030e-02
6.878599120e+03,9.984450750e-01,-3.927397940e-02
7.079457840e+03,9.983533250e-01,-4.041707110e-02
7.286181750e+03,9.982561560e-01,-4.159320620e-02
7.498942090e+03,9.981532510e-01,-4.280331940e-02
7.717915160e+03,9.980442720e-01,-4.404836990e-02
7.943282350e+03,9.979288610e-01,-4.532934240e-02
8.175230380e+03,9.978066410e-01,-4.664724660e-02
8.413951420e+03,9.976772110e-01,-4.800311850e-02
8.659643230e+03,9.975401500e-01,-4.939802060e-02
8.912509380e+03,9.973950080e-01,-5.083304210e-02
9.172759350e+03,9.972413120e-01,-5.230929970e-02
9.440608760e+03,9.970785600e-01,-5.382793760e-02
9.716279520e+03,9.969062240e-01,-5.539012830e-02
1.000000000e+04,9.967237410e-01,-5.699707250e-02
1.029200530e+04,9.965305180e-01,-5.864999980e-02
1.059253730e+04,9.963259280e-01,-6.035016880e-02
1.090184490e+04,9.961093080e-01,-6.209886730e-02
1.122018450e+04,9.958799550e-01,-6.389741260e-02
1.154781980e+04,9.956371280e-01,-6.574715170e-02
1.188502230e+04,9.953800410e-01,-6.764946110e-02
1.223207120e+04,9.951078670e-01,-6.960574700e-02
1.258925410e+04,9.948197290e-01,-7.161744560e-02
1.295686700e+04,9.945146990e-01,-7.368602220e-02
1.333521430e+04,9.941918010e-01,-7.581297170e-02
1.372460960e+04,9.938499990e-01,-7.799981780e-02
1.412537540e+04,9.934882010e-01,-8.024811300e-02
1.453784390e+04,9.931052540e-01,-8.255943760e-02
1.496235660e+04,9.926999390e-01,-8.493539930e-02
1.539926530e+04,9.922709690e-01,-8.737763230e-02
1.584893190e+04,9.918169870e-01,-8.988779650e-02
1.631172910e+04,9.913365600e-01,-9.246757600e-02
1.678804020e+04,9.908281750e-01,-9.511867790e-02
1.727825980e+04,9.902902370e-01,-9.784283100e-02
1.778279410e+04,9.897210630e-01,-1.006417840e-01
1.830206110e+04,9.891188800e-01,-1.035173020e-01
1.883649090e+04,9.884818170e-01,-1.064711670e-01
1.938652640e+04,9.878079040e-01,-1.095051730e-01
1.995262310e+04,9.870950640e-01,-1.126211240e-01
2.053525030e+04,9.863411110e-01,-1.158208320e-01
2.113489040e+04,9.855437440e-01,-1.191061090e-01
2.175204030e+04,9.847005410e-01,-1.224787680e-01
2.238721140e+04,9.838089530e-01,-1.259406170e-01
2.304092980e+04,9.828663020e-01,-1.294934530e-01
2.371373710e+04,9.818697710e-01,-1.331390570e-01
2.440619070e+04,9.808164030e-01,-1.368791880e-01
2.511886430e+04,9.797030900e-01,-1.407155790e-01
2.585234840e+04,9.785265740e-01,-1.446499250e-01
2.660725060e+04,9.772834360e-01,-1.486838800e-01
2.738419630e+04,9.759700910e-01,-1.528190450e-01
2.818382930e+04,9.745827850e-01,-1.570569630e-01
2.900681200e+04,9.731175890e-01,-1.613991040e-01
2.985382620e+04,9.715703910e-01,-1.658468570e-01
3.072557370e+04,9.699368950e-01,-1.704015210e-01
3.162277660e+04,9.682126120e-01,-1.750642860e-01
3.254617830e+04,9.663928600e-01,-1.798362270e-01
3.349654390e+04,9.644727580e-01,-1.847182830e-01
3.447466070e+04,9.624472190e-01,-1.897112470e-01
3.548133890e+04,9.603109570e-01,-1.948157460e-01
3.651741270e+04,9.580584740e-01,-2.000322260e-01
3.758374040e+04,9.556840670e-01,-2.053609320e-01
3.868120550e+04,9.531818220e-01,-2.108018890e-01
3.981071710e+04,9.505456210e-01,-2.163548800e-01
4.097321100e+04,9.477691370e-01,-2.220194280e-01
4.216965030e+04,9.448458450e-01,-2.277947690e-01
4.340102640e+04,9.417690230e-01,-2.336798310e-01
4.466835920e+04,9.385317590e-01,-2.396732070e-01
4.597269890e+04,9.351269610e-01,-2.457731320e-01
4.731512590e+04,9.315473690e-01,-2.519774550e-01
4.869675250e+04,9.277855670e-01,-2.582836110e-01
5.011872340e+04,9.238339980e-01,-2.646885950e-01
5.158221650e+04,9.196849870e-01,-2.711889350e-01
5.308844440e+04,9.153307560e-01,-2.777806600e-01
5.463865500e+04,9.107634560e-01,-2.844592760e-01
5.623413250e+04,9.059751890e-01,-2.912197350e-01
5.787619880e+04,9.009580440e-01,-2.980564100e-01
5.956621440e+04,8.957041280e-01,-3.049630680e-01
6.130557920e+04,8.902056080e-01,-3.119328460e-01
6.309573440e+04,8.844547540e-01,-3.189582260e-01
6.493816320e+04,8.784439830e-01,-3.260310160e-01
6.683439180e+04,8.721659130e-01,-3.331423330e-01
6.878599120e+04,8.656134140e-01,-3.402825840e-01
7.079457840e+04,8.587796690e-01,-3.474414620e-01
7.286181750e+04,8.516582340e-01,-3.546079320e-01
7.498942090e+04,8.442431050e-01,-3.617702340e-01
7.717915160e+04,8.365287860e-01,-3.689158860e-01
7.943282350e+04,8.285103580e-01,-3.760316960e-01
8.175230380e+04,8.201835550e-01,-3.831037730e-01
8.413951420e+04,8.115448360e-01,-3.901175620e-01
8.659643230e+04,8.025914620e-01,-3.970578650e-01
8.912509380e+04,7.933215710e-01,-4.039088910e-01
9.172759350e+04,7.837342520e-01,-4.106542970e-01
9.440608760e+04,7.738296170e-01,-4.172772530e-01
9.716279520e+04,7.636088710e-01,-4.237605080e-01
1.000000000e+05,7.530743780e-01,-4.300864620e-01
1.029200530e+05,7.422297190e-01,-4.362372580e-01
1.059253730e+05,7.310797450e-01,-4.421948710e-01
1.090184490e+05,7.196306250e-01,-4.479412130e-01
1.122018450e+05,7.078898790e-01,-4.534582420e-01
1.154781980e+05,6.958664040e-01,-4.587280810e-01
1.188502230e+05,6.835704900e-01,-4.637331350e-01
1.223207120e+05,6.710138190e-01,-4.684562250e-01
1.258925410e+05,6.582094560e-01,-4.728807110e-01
1.295686700e+05,6.451718210e-01,-4.769906260e-01
1.333521430e+05,6.319166520e-01,-4.807708070e-01
1.372460960e+05,6.184609450e-01,-4.842070240e-01
1.412537540e+05,6.048228900e-01,-4.872861010e-01
1.453784390e+05,5.910217830e-01,-4.899960400e-01
1.496235660e+05,5.770779300e-01,-4.923261260e-01
1.539926530e+05,5.630125380e-01,-4.942670330e-01
1.584893190e+05,5.488475890e-01,-4.958109090e-01
1.631172910e+05,5.346057080e-01,-4.969514570e-01
1.678804020e+05,5.203100240e-01,-4.976839930e-01
1.727825980e+05,5.059840200e-01,-4.980054960e-01
1.778279410e+05,4.916513760e-01,-4.979146370e-01
1.830206110e+05,4.773358200e-01,-4.974117910e-01
1.883649090e+05,4.630609640e-01,-4.964990370e-01
1.938652640e+05,4.488501530e-01,-4.951801320e-01
1.995262310e+05,4.347263120e-01,-4.934604770e-01
2.053525030e+05,4.207118010e-01,-4.913470640e-01
2.113489040e+05,4.068282760e-01,-4.888484030e-01
2.175204030e+05,3.930965600e-01,-4.859744450e-01
2.238721140e+05,3.795365280e-01,-4.827364830e-01
2.304092980e+05,3.661669990e-01,-4.791470490e-01
2.371373710e+05,3.530056480e-01,-4.752197960e-01
2.440619070e+05,3.400689250e-01,-4.709693830e-01
2.511886430e+05,3.273719900e-01,-4.664113430e-01
2.585234840e+05,3.149286730e-01,-4.615619540e-01
2.660725060e+05,3.027514310e-01,-4.564381110e-01
2.738419630e+05,2.908513330e-01,-4.510571920e-01
2.818382930e+05,2.792380550e-01,-4.454369320e-01
2.900681200e+05,2.679198840e-01,-4.395952940e-01
2.985382620e+05,2.569037420e-01,-4.335503560e-01
3.072557370e+05,2.461952120e-01,-4.273201900e-01
3.162277660e+05,2.357985790e-01,-4.209227600e-01
3.254617830e+05,2.257168820e-01,-4.143758210e-01
3.349654390e+05,2.159519650e-01,-4.076968280e-01
3.447466070e+05,2.065045440e-01,-4.009028570e-01
3.548133890e+05,1.973742730e-01,-3.940105300e-01
3.651741270e+05,1.885598100e-01,-3.870359540e-01
3.758374040e+05,1.800589000e-01,-3.799946650e-01
3.868120550e+05,1.718684390e-01,-3.729015810e-01
3.981071710e+05,1.639845590e-01,-3.657709690e-01
4.097321100e+05,1.564026970e-01,-3.586164130e-01
4.216965030e+05,1.491176710e-01,-3.514507960e-01
4.340102640e+05,1.421237510e-01,-3.442862810e-01
4.466835920e+05,1.354147330e-01,-3.371343100e-01
4.597269890e+05,1.289840000e-01,-3.300055960e-01
4.731512590e+05,1.228245890e-01,-3.229101310e-01
4.869675250e+05,1.169292540e-01,-3.158571940e-01
5.011872340e+05,1.112905160e-01,-3.088553600e-01
5.158221650e+05,1.059007210e-01,-3.019125240e-01
5.308844440e+05,1.007520890e-01,-2.950359100e-01
5.463865500e+05,9.583675600e-02,-2.882321020e-01
5.623413250e+05,9.114681600e-02,-2.815070630e-01
5.787619880e+05,8.667435980e-02,-2.748661610e-01
5.956621440e+05,8.241150680e-02,-2.683141970e-01
6.130557920e+05,7.835043630e-02,-2.618554310e-01
6.309573440e+05,7.448341280e-02,-2.554936110e-01
6.493816320e+05,7.080281060e-02,-2.492320000e-01
6.683439180e+05,6.730113320e-02,-2.430734050e-01
6.878599120e+05,6.397103100e-02,-2.370202050e-01
7.079457840e+05,6.080531660e-02,-2.310743790e-01
7.286181750e+05,5.779697630e-02,-2.252375300e-01
7.498942090e+05,5.493918110e-02,-2.195109140e-01
7.717915160e+05,5.222529420e-02,-2.138954660e-01
7.943282350e+05,4.964887770e-02,-2.083918190e-01
8.175230380e+05,4.720369650e-02,-2.030003340e-01
8.413951420e+05,4.488372210e-02,-1.977211170e-01
8.659643230e+05,4.268313350e-02,-1.925540460e-01
8.912509380e+05,4.059631820e-02,-1.874987830e-01
9.172759350e+05,3.861787150e-02,-1.825548010e-01
9.440608760e+05,3.674259500e-02,-1.777213980e-01
9.716279520e+05,3.496549390e-02,-1.729977150e-01
1.000000000e+06,3.328177460e-02,-1.683827500e-01
1.029200530e+06,3.168684070e-02,-1.638753770e-01
1.059253730e+06,3.017628900e-02,-1.594743550e-01
1.090184490e+06,2.874590510e-02,-1.551783460e-01
1.122018450e+06,2.739165830e-02,-1.509859220e-01
1.154781980e+06,2.610969670e-02,-1.468955810e-01
1.188502230e+06,2.489634190e-02,-1.429057520e-01
1.223207120e+06,2.374808340e-02,-1.390148110e-01
1.258925410e+06,2.266157310e-02,-1.352210830e-01
1.295686700e+06,2.163361950e-02,-1.315228570e-01
1.333521430e+06,2.066118250e-02,-1.279183880e-01
1.372460960e+06,1.974136710e-02,-1.244059060e-01
1.412537540e+06,1.887141850e-02,-1.209836220e-01
1.453784390e+06,1.804871580e-02,-1.176497330e-01
1.496235660e+06,1.727076740e-02,-1.144024300e-01
1.539926530e+06,1.653520460e-02,-1.112398990e-01
1.584893190e+06,1.583977740e-02,-1.081603270e-01
1.631172910e+06,1.518234870e-02,-1.051619050e-01
1.678804020e+06,1.456088940e-02,-1.022428350e-01
1.727825980e+06,1.397347380e-02,-9.940132650e-02
1.778279410e+06,1.341827470e-02,-9.663560520e-02
1.830206110e+06,1.289355890e-02,-9.394391260e-02
1.883649090e+06,1.239768280e-02,-9.132450870e-02
1.938652640e+06,1.192908810e-02,-8.877567420e-02
1.995262310e+06,1.148629800e-02,-8.629571190e-02
2.053525030e+06,1.106791280e-02,-8.388294840e-02
2.113489040e+06,1.067260660e-02,-8.153573510e-02
2.175204030e+06,1.029912330e-02,-7.925244920e-02
2.238721140e+06,9.946273470e-03,-7.703149520e-02
2.304092980e+06,9.612930770e-03,-7.487130500e-02
2.371373710e+06,9.298028900e-03,-7.277033880e-02
2.440619070e+06,9.000558530e-03,-7.072708560e-02
2.511886430e+06,8.719564400e-03,-6.874006350e-02
2.585234840e+06,8.454142540e-03,-6.680782020e-02
2.660725060e+06,8.203437660e-03,-6.492893270e-02
2.738419630e+06,7.966640600e-03,-6.310200800e-02
2.818382930e+06,7.742985940e-03,-6.132568270e-02
2.900681200e+06,7.531749750e-03,-5.959862280e-02
2.985382620e+06,7.332247340e-03,-5.791952440e-02
3.072557370e+06,7.143831280e-03,-5.628711240e-02
3.162277660e+06,6.965889370e-03,-5.470014120e-02
3.254617830e+06,6.797842800e-03,-5.315739410e-02
3.349654390e+06,6.639144360e-03,-5.165768280e-02
3.447466070e+06,6.489276800e-03,-5.019984770e-02
3.548133890e+06,6.347751150e-03,-4.878275650e-02
3.651741270e+06,6.214105280e-03,-4.740530500e-02
3.758374040e+06,6.087902390e-03,-4.606641590e-02
3.868120550e+06,5.968729720e-03,-4.476503850e-02
3.981071710e+06,5.856197190e-03,-4.350014860e-02
4.097321100e+06,5.749936190e-03,-4.227074750e-02
4.216965030e+06,5.649598430e-03,-4.107586210e-02
4.340102640e+06,5.554854830e-03,-3.991454410e-02
4.466835920e+06,5.465394480e-03,-3.878586950e-02
4.597269890e+06,5.380923610e-03,-3.768893830e-02
4.731512590e+06,5.301164730e-03,-3.662287380e-02
4.869675250e+06,5.225855680e-03,-3.558682250e-02
5.011872340e+06,5.154748810e-03,-3.457995290e-02
5.158221650e+06,5.087610170e-03,-3.360145590e-02
5.308844440e+06,5.024218810e-03,-3.265054340e-02
5.463865500e+06,4.964365990e-03,-3.172644870e-02
5.623413250e+06,4.907854580e-03,-3.082842540e-02
5.787619880e+06,4.854498370e-03,-2.995574700e-02
5.956621440e+06,4.804121490e-03,-2.910770670e-02
6.130557920e+06,4.756557850e-03,-2.828361680e-02
6.309573440e+06,4.711650570e-03,-2.748280820e-02
6.493816320e+06,4.669251520e-03,-2.670462980e-02
6.683439180e+06,4.629220770e-03,-2.594844850e-02
6.878599120e+06,4.591426200e-03,-2.521364820e-02
7.079457840e+06,4.555743030e-03,-2.449962980e-02
7.286181750e+06,4.522053430e-03,-2.380581070e-02
7.498942090e+06,4.490246120e-03,-2.313162410e-02
7.717915160e+06,4.460216020e-03,-2.247651890e-02
7.943282350e+06,4.431863920e-03,-2.183995920e-02
8.175230380e+06,4.405096110e-03,-2.122142390e-02
8.413951420e+06,4.379824120e-03,-2.062040630e-02
8.659643230e+06,4.355964400e-03,-2.003641370e-02
8.912509380e+06,4.333438070e-03,-1.946896720e-02
9.172759350e+06,4.312170640e-03,-1.891760100e-02
9.440608760e+06,4.292091760e-03,-1.838186260e-02
9.716279520e+06,4.273135040e-03,-1.786131160e-02
1.000000000e+07,4.255237750e-03,-1.735552040e-02
1.029200530e+07,4.238340690e-03,-1.686407290e-02
1.059253730e+07,4.222387940e-03,-1.638656500e-02
1.090184490e+07,4.207326730e-03,-1.592260370e-02
1.122018450e+07,4.193107210e-03,-1.547180690e-02
1.154781980e+07,4.179682310e-03,-1.503380360e-02
1.188502230e+07,4.167007590e-03,-1.460823270e-02
1.223207120e+07,4.155041120e-03,-1.419474380e-02
1.258925410e+07,4.143743260e-03,-1.379299570e-02
1.295686700e+07,4.133076620e-03,-1.340265740e-02
1.333521430e+07,4.123005870e-03,-1.302340690e-02
1.372460960e+07,4.113497690e-03,-1.265493130e-02
1.412537540e+07,4.104520570e-03,-1.229692650e-02
1.453784390e+07,4.096044790e-03,-1.194909710e-02
1.496235660e+07,4.088042290e-03,-1.161115590e-02
1.539926530e+07,4.080486550e-03,-1.128282380e-02
1.584893190e+07,4.073352570e-03,-1.096382980e-02
1.631172910e+07,4.066616700e-03,-1.065391030e-02
1.678804020e+07,4.060256630e-03,-1.035280930e-02
1.727825980e+07,4.054251310e-03,-1.006027800e-02
1.778279410e+07,4.048580830e-03,-9.776074680e-03
1.830206110e+07,4.043226410e-03,-9.499964390e-03
1.883649090e+07,4.038170320e-03,-9.231718920e-03
1.938652640e+07,4.033395800e-03,-8.971116500e-03
1.995262310e+07,4.028887040e-03,-8.717941650e-03
2.053525030e+07,4.024629100e-03,-8.471985030e-03
2.113489040e+07,4.020607870e-03,-8.233043230e-03
2.175204030e+07,4.016810030e-03,-8.000918620e-03
2.238721140e+07,4.013222990e-03,-7.775419190e-03
2.304092980e+07,4.009834880e-03,-7.556358400e-03
2.371373710e+07,4.006634450e-03,-7.343555020e-03
2.440619070e+07,4.003611120e-03,-7.136832990e-03
2.511886430e+07,4.000754860e-03,-6.936021240e-03
2.585234840e+07,3.998056200e-03,-6.740953610e-03
2.660725060e+07,3.995506210e-03,-6.551468680e-03
2.738419630e+07,3.993096430e-03,-6.367409610e-03
2.818382930e+07,3.990818890e-03,-6.188624070e-03
2.900681200e+07,3.988666020e-03,-6.014964090e-03
2.985382620e+07,3.986630700e-03,-5.846285900e-03
3.072557370e+07,3.984706190e-03,-5.682449890e-03
3.162277660e+07,3.982886090e-03,-5.523320410e-03
3.254617830e+07,3.981164400e-03,-5.368765740e-03
3.349654390e+07,3.979535390e-03,-5.218657910e-03
3.447466070e+07,3.977993670e-03,-5.072872630e-03
3.548133890e+07,3.976534130e-03,-4.931289210e-03
3.651741270e+07,3.975151930e-03,-4.793790400e-03
3.758374040e+07,3.973842490e-03,-4.660262350e-03
3.868120550e+07,3.972601480e-03,-4.530594490e-03
3.981071710e+07,3.971424780e-03,-4.404679440e-03
4.097321100e+07,3.970308490e-03,-4.282412910e-03
4.216965030e+07,3.969248910e-03,-4.163693660e-03
4.340102640e+07,3.968242530e-03,-4.048423360e-03
4.466835920e+07,3.967286010e-03,-3.936506530e-03
4.597269890e+07,3.966376200e-03,-3.827850480e-03
4.731512590e+07,3.965510060e-03,-3.722365220e-03
4.869675250e+07,3.964684730e-03,-3.619963350e-03
5.011872340e+07,3.963897480e-03,-3.520560070e-03
5.158221650e+07,3.963145690e-03,-3.424073020e-03
5.308844440e+07,3.962426880e-03,-3.330422260e-03
5.463865500e+07,3.961738670e-03,-3.239530230e-03
5.623413250e+07,3.961078770e-03,-3.151321600e-03
5.787619880e+07,3.960444990e-03,-3.065723300e-03
5.956621440e+07,3.959835250e-03,-2.982664400e-03
6.130557920e+07,3.959247520e-03,-2.902076070e-03
6.309573440e+07,3.958679850e-03,-2.823891540e-03
6.493816320e+07,3.958130360e-03,-2.748046000e-03
6.683439180e+07,3.957597240e-03,-2.674476610e-03
6.878599120e+07,3.957078720e-03,-2.603122370e-03
7.079457840e+07,3.956573080e-03,-2.533924150e-03
7.286181750e+07,3.956078650e-03,-2.466824560e-03
7.498942090e+07,3.955593800e-03,-2.401767990e-03
7.717915160e+07,3.955116920e-03,-2.338700490e-03
7.943282350e+07,3.954646440e-03,-2.277569750e-03
8.175230380e+07,3.954180790e-03,-2.218325060e-03
8.413951420e+07,3.953718450e-03,-2.160917290e-03
8.659643230e+07,3.953257880e-03,-2.105298790e-03
8.912509380e+07,3.952797570e-03,-2.051423420e-03
9.172759350e+07,3.952336000e-03,-1.999246430e-03
9.440608760e+07,3.951871640e-03,-1.948724520e-03
9.716279520e+07,3.951402960e-03,-1.899815730e-03
1.000000000e+08,3.950928430e-03,-1.852479410e-03
1.029200530e+08,3.950446480e-03,-1.806676220e-03
1.059253730e+08,3.949955530e-03,-1.762368070e-03
1.090184490e+08,3.949453950e-03,-1.719518120e-03
1.122018450e+08,3.948940120e-03,-1.678090680e-03
1.154781980e+08,3.948412340e-03,-1.638051260e-03
1.188502230e+08,3.947868880e-03,-1.599366500e-03
1.223207120e+08,3.947307960e-03,-1.562004120e-03
1.258925410e+08,3.946727760e-03,-1.525932940e-03
1.295686700e+08,3.946126380e-03,-1.491122820e-03
1.333521430e+08,3.945501850e-03,-1.457544630e-03
1.372460960e+08,3.944852140e-03,-1.425170270e-03
1.412537540e+08,3.944175140e-03,-1.393972570e-03
1.453784390e+08,3.943468660e-03,-1.363925330e-03
1.496235660e+08,3.942730390e-03,-1.335003250e-03
1.539926530e+08,3.941957950e-03,-1.307181960e-03
1.584893190e+08,3.941148850e-03,-1.280437940e-03
1.631172910e+08,3.940300480e-03,-1.254748520e-03
1.678804020e+08,3.939410090e-03,-1.230091860e-03
1.727825980e+08,3.938474840e-03,-1.206446940e-03
1.778279410e+08,3.937491720e-03,-1.183793510e-03
1.830206110e+08,3.936457590e-03,-1.162112100e-03
1.883649090e+08,3.935369150e-03,-1.141383950e-03
1.938652640e+08,3.934222930e-03,-1.121591060e-03
1.995262310e+08,3.933015290e-03,-1.102716110e-03
2.053525030e+08,3.931742410e-03,-1.084742460e-03
2.113489040e+08,3.930400270e-03,-1.067654130e-03
2.175204030e+08,3.928984640e-03,-1.051435790e-03
2.238721140e+08,3.927491080e-03,-1.036072700e-03
2.304092980e+08,3.925914930e-03,-1.021550750e-03
2.371373710e+08,3.924251270e-03,-1.007856390e-03
2.440619070e+08,3.922494940e-03,-9.949766060e-04
2.511886430e+08,3.920640510e-03,-9.828989470e-04
2.585234840e+08,3.918682280e-03,-9.716114520e-04
2.660725060e+08,3.916614240e-03,-9.611026510e-04
2.738419630e+08,3.914430100e-03,-9.513615390e-04
2.818382930e+08,3.912123230e-03,-9.423775470e-04
2.900681200e+08,3.909686680e-03,-9.341405210e-04
2.985382620e+08,3.907113130e-03,-9.266406950e-04
3.072557370e+08,3.904394930e-03,-9.198686630e-04
3.162277660e+08,3.901524010e-03,-9.138153530e-04
3.254617830e+08,3.898491950e-03,-9.084719960e-04
3.349654390e+08,3.895289890e-03,-9.038300980e-04
3.447466070e+08,3.891908560e-03,-8.998814020e-04
3.548133890e+08,3.888338250e-03,-8.966178640e-04
3.651741270e+08,3.884568790e-03,-8.940316090e-04
3.758374040e+08,3.880589550e-03,-8.921148990e-04
3.868120550e+08,3.876389430e-03,-8.908600900e-04
3.981071710e+08,3.871956820e-03,-8.902595980e-04
4.097321100e+08,3.867279600e-03,-8.903058480e-04
4.216965030e+08,3.862345150e-03,-8.909912340e-04
4.340102640e+08,3.857140320e-03,-8.923080700e-04
4.466835920e+08,3.851651420e-03,-8.942485390e-04
4.597269890e+08,3.845864220e-03,-8.968046420e-04
4.731512590e+08,3.839763960e-03,-8.999681400e-04
4.869675250e+08,3.833335300e-03,-9.037305030e-04
5.011872340e+08,3.826562400e-03,-9.080828400e-04
5.158221650e+08,3.819428840e-03,-9.130158450e-04
5.308844440e+08,3.811917690e-03,-9.185197260e-04
5.463865500e+08,3.804011490e-03,-9.245841380e-04
5.623413250e+08,3.795692270e-03,-9.311981160e-04
5.787619880e+08,3.786941600e-03,-9.383499960e-04
5.956621440e+08,3.777740560e-03,-9.460273460e-04
6.130557920e+08,3.768069820e-03,-9.542168860e-04
6.309573440e+08,3.757909670e-03,-9.629044140e-04
6.493816320e+08,3.747240040e-03,-9.720747210e-04
6.683439180e+08,3.736040600e-03,-9.817115180e-04
6.878599120e+08,3.724290770e-03,-9.917973500e-04
7.079457840e+08,3.711969820e-03,-1.002313520e-03
7.286181750e+08,3.699056950e-03,-1.013240030e-03
7.498942090e+08,3.685531360e-03,-1.024555460e-03
7.717915160e+08,3.671372350e-03,-1.036236930e-03
7.943282350e+08,3.656559460e-03,-1.048260060e-03
8.175230380e+08,3.641072540e-03,-1.060598840e-03
8.413951420e+08,3.624891920e-03,-1.073225620e-03
8.659643230e+08,3.607998510e-03,-1.086111050e-03
8.912509380e+08,3.590373980e-03,-1.099224060e-03
9.172759350e+08,3.572000900e-03,-1.112531810e-03
9.440608760e+08,3.552862940e-03,-1.125999670e-03
9.716279520e+08,3.532944980e-03,-1.139591250e-03
1.000000000e+09,3.512233370e-03,-1.153268410e-03
1.029200530e+09,3.490716060e-03,-1.166991260e-03
1.059253730e+09,3.468382830e-03,-1.180718240e-03
1.090184490e+09,3.445225480e-03,-1.194406200e-03
1.122018450e+09,3.421238010e-03,-1.208010480e-03
1.154781980e+09,3.396416840e-03,-1.221484990e-03
1.188502230e+09,3.370761000e-03,-1.234782440e-03
1.223207120e+09,3.344272300e-03,-1.247854400e-03
1.258925410e+09,3.316955510e-03,-1.260651550e-03
1.295686700e+09,3.288818560e-03,-1.273123900e-03
1.333521430e+09,3.259872640e-03,-1.285220970e-03
1.372460960e+09,3.230132350e-03,-1.296892070e-03
1.412537540e+09,3.199615810e-03,-1.308086630e-03
1.453784390e+09,3.168344720e-03,-1.318754400e-03
1.496235660e+09,3.136344460e-03,-1.328845840e-03
1.539926530e+09,3.103644040e-03,-1.338312430e-03
1.584893190e+09,3.070276140e-03,-1.347106960e-03
1.631172910e+09,3.036277050e-03,-1.355183940e-03
1.678804020e+09,3.001686550e-03,-1.362499890e-03
1.727825980e+09,2.966547850e-03,-1.369013700e-03
1.778279410e+09,2.930907340e-03,-1.374686970e-03
1.830206110e+09,2.894814450e-03,-1.379484300e-03
1.883649090e+09,2.858321390e-03,-1.383373620e-03
1.938652640e+09,2.821482870e-03,-1.386326430e-03
1.995262310e+09,2.784355810e-03,-1.388318110e-03
2.053525030e+09,2.746998970e-03,-1.389328050e-03
2.113489040e+09,2.709472620e-03,-1.389339900e-03
2.175204030e+09,2.671838130e-03,-1.388341700e-03
2.238721140e+09,2.634157610e-03,-1.386325920e-03
2.304092980e+09,2.596493450e-03,-1.383289600e-03
2.371373710e+09,2.558907960e-03,-1.379234310e-03
2.440619070e+09,2.521462910e-03,-1.374166110e-03
2.511886430e+09,2.484219180e-03,-1.368095480e-03
2.585234840e+09,2.447236310e-03,-1.361037230e-03
2.660725060e+09,2.410572170e-03,-1.353010270e-03
2.738419630e+09,2.374282600e-03,-1.344037470e-03
2.818382930e+09,2.338421090e-03,-1.334145380e-03
2.900681200e+09,2.303038460e-03,-1.323363990e-03
2.985382620e+09,2.268182630e-03,-1.311726430e-03
3.072557370e+09,2.233898420e-03,-1.299268670e-03
3.162277660e+09,2.200227300e-03,-1.286029160e-03
3.254617830e+09,2.167207310e-03,-1.272048520e-03
3.349654390e+09,2.134872910e-03,-1.257369190e-03
3.447466070e+09,2.103254950e-03,-1.242035080e-03
3.548133890e+09,2.072380580e-03,-1.226091220e-03
3.651741270e+09,2.042273340e-03,-1.209583440e-03
3.758374040e+09,2.012953090e-03,-1.192558060e-03
3.868120550e+09,1.984436190e-03,-1.175061540e-03
3.981071710e+09,1.956735490e-03,-1.157140220e-03
4.097321100e+09,1.929860520e-03,-1.138840040e-03
4.216965030e+09,1.903817590e-03,-1.120206320e-03
4.340102640e+09,1.878609980e-03,-1.101283460e-03
4.466835920e+09,1.854238070e-03,-1.082114830e-03
4.597269890e+09,1.830699560e-03,-1.062742520e-03
4.731512590e+09,1.807989630e-03,-1.043207230e-03
4.869675250e+09,1.786101140e-03,-1.023548100e-03
5.011872340e+09,1.765024870e-03,-1.003802640e-03
5.158221650e+09,1.744749650e-03,-9.840066310e-04
5.308844440e+09,1.725262610e-03,-9.641940360e-04
5.463865500e+09,1.706549330e-03,-9.443969890e-04
5.623413250e+09,1.688594080e-03,-9.246457430e-04
5.787619880e+09,1.671379940e-03,-9.049686690e-04
5.956621440e+09,1.654889010e-03,-8.853922560e-04
6.130557920e+09,1.639102560e-03,-8.659411240e-04
6.309573440e+09,1.624001190e-03,-8.466380580e-04
6.493816320e+09,1.609564970e-03,-8.275040390e-04
6.683439180e+09,1.595773560e-03,-8.085582950e-04
6.878599120e+09,1.582606350e-03,-7.898183510e-04
7.079457840e+09,1.570042570e-03,-7.713000930e-04
7.286181750e+09,1.558061400e-03,-7.530178270e-04
7.498942090e+09,1.546642030e-03,-7.349843510e-04
7.717915160e+09,1.535763770e-03,-7.172110220e-04
7.943282350e+09,1.525406140e-03,-6.997078300e-04
8.175230380e+09,1.515548890e-03,-6.824834710e-04
8.413951420e+09,1.506172100e-03,-6.655454210e-04
8.659643230e+09,1.497256200e-03,-6.489000050e-04
8.912509380e+09,1.488782020e-03,-6.325524740e-04
9.172759350e+09,1.480730850e-03,-6.165070710e-04
9.440608760e+09,1.473084420e-03,-6.007671020e-04
9.716279520e+09,1.465824980e-03,-5.853350040e-04
1.000000000e+10,1.458935270e-03,-5.702124050e-04
1.029200530e+10,1.452398580e-03,-5.554001890e-04
1.059253730e+10,1.446198700e-03,-5.408985570e-04
1.090184490e+10,1.440320010e-03,-5.267070790e-04
1.122018450e+10,1.434747400e-03,-5.128247510e-04
1.154781980e+10,1.429466320e-03,-4.992500460e-04
1.188502230e+10,1.424462770e-03,-4.859809590e-04
1.223207120e+10,1.419723270e-03,-4.730150600e-04
1.258925410e+10,1.415234900e-03,-4.603495280e-04
1.295686700e+10,1.410985240e-03,-4.479811960e-04
1.333521430e+10,1.406962390e-03,-4.359065890e-04
1.372460960e+10,1.403154980e-03,-4.241219580e-04
1.412537540e+10,1.399552090e-03,-4.126233130e-04
1.453784390e+10,1.396143320e-03,-4.014064530e-04
1.496235660e+10,1.392918710e-03,-3.904669960e-04
1.539926530e+10,1.389868760e-03,-3.798004040e-04
1.584893190e+10,1.386984410e-03,-3.694020070e-04
1.631172910e+10,1.384257030e-03,-3.592670270e-04
1.678804020e+10,1.381678380e-03,-3.493905960e-04
1.727825980e+10,1.379240640e-03,-3.397677780e-04
1.778279410e+10,1.376936340e-03,-3.303935840e-04
1.830206110e+10,1.374758400e-03,-3.212629910e-04
1.883649090e+10,1.372700080e-03,-3.123709520e-04
1.938652640e+10,1.370754980e-03,-3.037124120e-04
1.995262310e+10,1.368917010e-03,-2.952823190e-04
2.053525030e+10,1.367180410e-03,-2.870756370e-04
2.113489040e+10,1.365539700e-03,-2.790873520e-04
2.175204030e+10,1.363989670e-03,-2.713124840e-04
2.238721140e+10,1.362525410e-03,-2.637460920e-04
2.304092980e+10,1.361142250e-03,-2.563832840e-04
2.371373710e+10,1.359835750e-03,-2.492192200e-04
2.440619070e+10,1.358601720e-03,-2.422491190e-04
2.511886430e+10,1.357436210e-03,-2.354682660e-04
2.585234840e+10,1.356335430e-03,-2.288720100e-04
2.660725060e+10,1.355295840e-03,-2.224557730e-04
2.738419630e+10,1.354314070e-03,-2.162150530e-04
2.818382930e+10,1.353386930e-03,-2.101454210e-04
2.900681200e+10,1.352511410e-03,-2.042425300e-04
2.985382620e+10,1.351684640e-03,-1.985021120e-04
3.072557370e+10,1.350903940e-03,-1.929199810e-04
3.162277660e+10,1.350166750e-03,-1.874920340e-04
3.254617830e+10,1.349470660e-03,-1.822142520e-04
3.349654390e+10,1.348813400e-03,-1.770826980e-04
3.447466070e+10,1.348192800e-03,-1.720935220e-04
3.548133890e+10,1.347606820e-03,-1.672429550e-04
3.651741270e+10,1.347053560e-03,-1.625273140e-04
3.758374040e+10,1.346531180e-03,-1.579429980e-04
3.868120550e+10,1.346037960e-03,-1.534864890e-04
3.981071710e+10,1.345572290e-03,-1.491543530e-04
4.097321100e+10,1.345132630e-03,-1.449432350e-04
4.216965030e+10,1.344717530e-03,-1.408498600e-04
4.340102640e+10,1.344325620e-03,-1.368710350e-04
4.466835920e+10,1.343955600e-03,-1.330036430e-04
4.597269890e+10,1.343606260e-03,-1.292446450e-04
4.731512590e+10,1.343276450e-03,-1.255910780e-04
4.869675250e+10,1.342965070e-03,-1.220400520e-04
5.011872340e+10,1.342671090e-03,-1.185887530e-04
5.158221650e+10,1.342393550e-03,-1.152344370e-04
5.308844440e+10,1.342131520e-03,-1.119744300e-04
5.463865500e+10,1.341884140e-03,-1.088061300e-04
5.623413250e+10,1.341650590e-03,-1.057270000e-04
5.787619880e+10,1.341430090e-03,-1.027345700e-04
5.956621440e+10,1.341221930e-03,-9.982643700e-05
6.130557920e+10,1.341025410e-03,-9.700025870e-05
6.309573440e+10,1.340839870e-03,-9.425375660e-05
6.493816320e+10,1.340664710e-03,-9.158471270e-05
6.683439180e+10,1.340499350e-03,-8.899096820e-05
6.878599120e+10,1.340343230e-03,-8.647042230e-05
7.079457840e+10,1.340195840e-03,-8.402103090e-05
7.286181750e+10,1.340056700e-03,-8.164080520e-05
7.498942090e+10,1.339925340e-03,-7.932781010e-05
7.717915160e+10,1.339801320e-03,-7.708016330e-05
7.943282350e+10,1.339684240e-03,-7.489603380e-05
8.175230380e+10,1.339573710e-03,-7.277364050e-05
8.413951420e+10,1.339469360e-03,-7.071125110e-05
8.659643230e+10,1.339370850e-03,-6.870718100e-05
8.912509380e+10,1.339277850e-03,-6.675979170e-05
9.172759350e+10,1.339190050e-03,-6.486749000e-05
9.440608760e+10,1.339107160e-03,-6.302872640e-05
9.716279520e+10,1.339028900e-03,-6.124199470e-05
1.000000000e+11,1.338955030e-03,-5.950582980e-05
