VB_V,OUT_V,X_V,Y_V,I_VDD_A,M1_margin_V,M2_margin_V,M3_margin_V,M4_margin_V,M5_margin_V
5.500000000e-01,1.271400300e+00,3.121924650e-01,1.271400300e+00,-8.074929720e-06,8.891673980e-01,8.891673980e-01,4.500000000e-01,4.500000000e-01,2.121924650e-01
5.510000000e-01,1.270616200e+00,3.116085450e-01,1.270616200e+00,-8.236288100e-06,8.882671950e-01,8.882671950e-01,4.500000000e-01,4.500000000e-01,2.106085450e-01
5.520000000e-01,1.269832160e+00,3.110246920e-01,1.269832160e+00,-8.400865140e-06,8.873670470e-01,8.873670470e-01,4.500000000e-01,4.500000000e-01,2.090246920e-01
5.530000000e-01,1.269048150e+00,3.104408570e-01,1.269048150e+00,-8.566246730e-06,8.864668880e-01,8.864668880e-01,4.500000000e-01,4.500000000e-01,2.074408570e-01
5.540000000e-01,1.268264170e+00,3.098570560e-01,1.268264170e+00,-8.733237450e-06,8.855667400e-01,8.855667400e-01,4.500000000e-01,4.500000000e-01,2.058570560e-01
5.550000000e-01,1.267480240e+00,3.092732900e-01,1.267480240e+00,-8.901837230e-06,8.846666030e-01,8.846666030e-01,4.500000000e-01,4.500000000e-01,2.042732900e-01
5.560000000e-01,1.266696330e+00,3.086895590e-01,1.266696330e+00,-9.072045970e-06,8.837664770e-01,8.837664770e-01,4.500000000e-01,4.500000000e-01,2.026895590e-01
5.570000000e-01,1.265912470e+00,3.081058620e-01,1.265912470e+00,-9.243863600e-06,8.828663620e-01,8.828663620e-01,4.500000000e-01,4.500000000e-01,2.011058620e-01
5.580000000e-01,1.265128650e+00,3.075222010e-01,1.265128650e+00,-9.417290040e-06,8.819662570e-01,8.819662570e-01,4.500000000e-01,4.500000000e-01,1.995222010e-01
5.590000000e-01,1.264344860e+00,3.069385740e-01,1.264344860e+00,-9.592325190e-06,8.810661630e-01,8.810661630e-01,4.500000000e-01,4.500000000e-01,1.979385740e-01
5.600000000e-01,1.263561110e+00,3.063549820e-01,1.263561110e+00,-9.768968980e-06,8.801660800e-01,8.801660800e-01,4.500000000e-01,4.500000000e-01,1.963549820e-01
5.610000000e-01,1.262777390e+00,3.057714240e-01,1.262777390e+00,-9.947221330e-06,8.792660080e-01,8.792660080e-01,4.500000000e-01,4.500000000e-01,1.947714240e-01
5.620000000e-01,1.261993720e+00,3.051879020e-01,1.261993720e+00,-1.012708210e-05,8.783659470e-01,8.783659470e-01,4.500000000e-01,4.500000000e-01,1.931879020e-01
5.630000000e-01,1.261210080e+00,3.046044140e-01,1.261210080e+00,-1.030855130e-05,8.774658960e-01,8.774658960e-01,4.500000000e-01,4.500000000e-01,1.916044140e-01
5.640000000e-01,1.260426480e+00,3.040209610e-01,1.260426480e+00,-1.049162880e-05,8.765658560e-01,8.765658560e-01,4.500000000e-01,4.500000000e-01,1.900209610e-01
5.650000000e-01,1.259642920e+00,3.034375440e-01,1.259642920e+00,-1.067631460e-05,8.756658270e-01,8.756658270e-01,4.500000000e-01,4.500000000e-01,1.884375440e-01
5.660000000e-01,1.258859390e+00,3.028541610e-01,1.258859390e+00,-1.086260840e-05,8.747658080e-01,8.747658080e-01,4.500000000e-01,4.500000000e-01,1.868541610e-01
5.670000000e-01,1.258075910e+00,3.022708130e-01,1.258075910e+00,-1.105051030e-05,8.738658000e-01,8.738658000e-01,4.500000000e-01,4.500000000e-01,1.852708130e-01
5.680000000e-01,1.257292460e+00,3.016875000e-01,1.257292460e+00,-1.124002020e-05,8.729658030e-01,8.729658030e-01,4.500000000e-01,4.500000000e-01,1.836875000e-01
5.690000000e-01,1.256509040e+00,3.011042220e-01,1.256509040e+00,-1.143113800e-05,8.720658160e-01,8.720658160e-01,4.500000000e-01,4.500000000e-01,1.821042220e-01
5.700000000e-01,1.255725670e+00,3.005209780e-01,1.255725670e+00,-1.162386350e-05,8.711658390e-01,8.711658390e-01,4.500000000e-01,4.500000000e-01,1.805209780e-01
5.710000000e-01,1.254942330e+00,2.999377700e-01,1.254942330e+00,-1.181819680e-05,8.702658730e-01,8.702658730e-01,4.500000000e-01,4.500000000e-01,1.789377700e-01
5.720000000e-01,1.254159030e+00,2.993545970e-01,1.254159030e+00,-1.201413770e-05,8.693659180e-01,8.693659180e-01,4.500000000e-01,4.500000000e-01,1.773545970e-01
5.730000000e-01,1.253375770e+00,2.987714590e-01,1.253375770e+00,-1.221168620e-05,8.684659730e-01,8.684659730e-01,4.500000000e-01,4.500000000e-01,1.757714590e-01
5.740000000e-01,1.252592540e+00,2.981883570e-01,1.252592540e+00,-1.241084210e-05,8.675660390e-01,8.675660390e-01,4.500000000e-01,4.500000000e-01,1.741883570e-01
5.750000000e-01,1.251809350e+00,2.976052890e-01,1.251809350e+00,-1.261160540e-05,8.666661150e-01,8.666661150e-01,4.500000000e-01,4.500000000e-01,1.726052890e-01
5.760000000e-01,1.251026200e+00,2.970222560e-01,1.251026200e+00,-1.281397610e-05,8.657662010e-01,8.657662010e-01,4.500000000e-01,4.500000000e-01,1.710222560e-01
5.770000000e-01,1.250243090e+00,2.964392580e-01,1.250243090e+00,-1.301795390e-05,8.648662980e-01,8.648662980e-01,4.500000000e-01,4.500000000e-01,1.694392580e-01
5.780000000e-01,1.249460020e+00,2.958562960e-01,1.249460020e+00,-1.322353890e-05,8.639664050e-01,8.639664050e-01,4.500000000e-01,4.500000000e-01,1.678562960e-01
5.790000000e-01,1.248676980e+00,2.952733690e-01,1.248676980e+00,-1.343073090e-05,8.630665230e-01,8.630665230e-01,4.500000000e-01,4.500000000e-01,1.662733690e-01
5.800000000e-01,1.247893980e+00,2.946904770e-01,1.247893980e+00,-1.363952990e-05,8.621666500e-01,8.621666500e-01,4.500000000e-01,4.500000000e-01,1.646904770e-01
5.810000000e-01,1.247111020e+00,2.941076200e-01,1.247111020e+00,-1.384993580e-05,8.612667880e-01,8.612667880e-01,4.500000000e-01,4.500000000e-01,1.631076200e-01
5.820000000e-01,1.246328090e+00,2.935247980e-01,1.246328090e+00,-1.406194840e-05,8.603669370e-01,8.603669370e-01,4.500000000e-01,4.500000000e-01,1.615247980e-01
5.830000000e-01,1.245545200e+00,2.929420120e-01,1.245545200e+00,-1.427556780e-05,8.594670950e-01,8.594670950e-01,4.500000000e-01,4.500000000e-01,1.599420120e-01
5.840000000e-01,1.244762350e+00,2.923592600e-01,1.244762350e+00,-1.449079390e-05,8.585672640e-01,8.585672640e-01,4.500000000e-01,4.500000000e-01,1.583592600e-01
5.850000000e-01,1.243979540e+00,2.917765450e-01,1.243979540e+00,-1.470762650e-05,8.576674430e-01,8.576674430e-01,4.500000000e-01,4.500000000e-01,1.567765450e-01
5.860000000e-01,1.243196760e+00,2.911938640e-01,1.243196760e+00,-1.492606550e-05,8.567676320e-01,8.567676320e-01,4.500000000e-01,4.500000000e-01,1.551938640e-01
5.870000000e-01,1.242414030e+00,2.906112190e-01,1.242414030e+00,-1.514611100e-05,8.558678310e-01,8.558678310e-01,4.500000000e-01,4.500000000e-01,1.536112190e-01
5.880000000e-01,1.241631330e+00,2.900286090e-01,1.241631330e+00,-1.536776270e-05,8.549680400e-01,8.549680400e-01,4.500000000e-01,4.500000000e-01,1.520286090e-01
5.890000000e-01,1.240848660e+00,2.894460340e-01,1.240848660e+00,-1.559102070e-05,8.540682600e-01,8.540682600e-01,4.500000000e-01,4.500000000e-01,1.504460340e-01
5.900000000e-01,1.240066040e+00,2.888634950e-01,1.240066040e+00,-1.581588480e-05,8.531684890e-01,8.531684890e-01,4.500000000e-01,4.500000000e-01,1.488634950e-01
5.910000000e-01,1.239283450e+00,2.882809910e-01,1.239283450e+00,-1.604235490e-05,8.522687280e-01,8.522687280e-01,4.500000000e-01,4.500000000e-01,1.472809910e-01
5.920000000e-01,1.238500900e+00,2.876985230e-01,1.238500900e+00,-1.627043110e-05,8.513689780e-01,8.513689780e-01,4.500000000e-01,4.500000000e-01,1.456985230e-01
5.930000000e-01,1.237718380e+00,2.871160900e-01,1.237718380e+00,-1.650011310e-05,8.504692370e-01,8.504692370e-01,4.500000000e-01,4.500000000e-01,1.441160900e-01
5.940000000e-01,1.236935910e+00,2.865336920e-01,1.236935910e+00,-1.673140090e-05,8.495695060e-01,8.495695060e-01,4.500000000e-01,4.500000000e-01,1.425336920e-01
5.950000000e-01,1.236153470e+00,2.859513300e-01,1.236153470e+00,-1.696429440e-05,8.486697860e-01,8.486697860e-01,4.500000000e-01,4.500000000e-01,1.409513300e-01
5.960000000e-01,1.235371070e+00,2.853690040e-01,1.235371070e+00,-1.719879360e-05,8.477700750e-01,8.477700750e-01,4.500000000e-01,4.500000000e-01,1.393690040e-01
5.970000000e-01,1.234588700e+00,2.847867130e-01,1.234588700e+00,-1.743489830e-05,8.468703740e-01,8.468703740e-01,4.500000000e-01,4.500000000e-01,1.377867130e-01
5.980000000e-01,1.233806380e+00,2.842044570e-01,1.233806380e+00,-1.767260850e-05,8.459706820e-01,8.459706820e-01,4.500000000e-01,4.500000000e-01,1.362044570e-01
5.990000000e-01,1.233024090e+00,2.836222370e-01,1.233024090e+00,-1.791192410e-05,8.450710010e-01,8.450710010e-01,4.500000000e-01,4.500000000e-01,1.346222370e-01
6.000000000e-01,1.232241830e+00,2.830400530e-01,1.232241830e+00,-1.815284500e-05,8.441713290e-01,8.441713290e-01,4.500000000e-01,4.500000000e-01,1.330400530e-01
6.010000000e-01,1.231459620e+00,2.824579040e-01,1.231459620e+00,-1.839537110e-05,8.432716680e-01,8.432716680e-01,4.500000000e-01,4.500000000e-01,1.314579040e-01
6.020000000e-01,1.230677440e+00,2.818757910e-01,1.230677440e+00,-1.863950240e-05,8.423720160e-01,8.423720160e-01,4.500000000e-01,4.500000000e-01,1.298757910e-01
6.030000000e-01,1.229895300e+00,2.812937130e-01,1.229895300e+00,-1.888523870e-05,8.414723730e-01,8.414723730e-01,4.500000000e-01,4.500000000e-01,1.282937130e-01
6.040000000e-01,1.229113200e+00,2.807116710e-01,1.229113200e+00,-1.913257990e-05,8.405727410e-01,8.405727410e-01,4.500000000e-01,4.500000000e-01,1.267116710e-01
6.050000000e-01,1.228331140e+00,2.801296650e-01,1.228331140e+00,-1.938152610e-05,8.396731180e-01,8.396731180e-01,4.500000000e-01,4.500000000e-01,1.251296650e-01
6.060000000e-01,1.227549110e+00,2.795476950e-01,1.227549110e+00,-1.963207710e-05,8.387735040e-01,8.387735040e-01,4.500000000e-01,4.500000000e-01,1.235476950e-01
6.070000000e-01,1.226767120e+00,2.789657600e-01,1.226767120e+00,-1.988423280e-05,8.378739000e-01,8.378739000e-01,4.500000000e-01,4.500000000e-01,1.219657600e-01
6.080000000e-01,1.225985160e+00,2.783838610e-01,1.225985160e+00,-2.013799310e-05,8.369743060e-01,8.369743060e-01,4.500000000e-01,4.500000000e-01,1.203838610e-01
6.090000000e-01,1.225203250e+00,2.778019970e-01,1.225203250e+00,-2.039335800e-05,8.360747220e-01,8.360747220e-01,4.500000000e-01,4.500000000e-01,1.188019970e-01
6.100000000e-01,1.224421370e+00,2.772201700e-01,1.224421370e+00,-2.065032740e-05,8.351751470e-01,8.351751470e-01,4.500000000e-01,4.500000000e-01,1.172201700e-01
6.110000000e-01,1.223639530e+00,2.766383780e-01,1.223639530e+00,-2.090890120e-05,8.342755810e-01,8.342755810e-01,4.500000000e-01,4.500000000e-01,1.156383780e-01
6.120000000e-01,1.222857720e+00,2.760566220e-01,1.222857720e+00,-2.116907920e-05,8.333760250e-01,8.333760250e-01,4.500000000e-01,4.500000000e-01,1.140566220e-01
6.130000000e-01,1.222075960e+00,2.754749020e-01,1.222075960e+00,-2.143086150e-05,8.324764780e-01,8.324764780e-01,4.500000000e-01,4.500000000e-01,1.124749020e-01
6.140000000e-01,1.221294230e+00,2.748932180e-01,1.221294230e+00,-2.169424800e-05,8.315769410e-01,8.315769410e-01,4.500000000e-01,4.500000000e-01,1.108932180e-01
6.150000000e-01,1.220512540e+00,2.743115690e-01,1.220512540e+00,-2.195923850e-05,8.306774130e-01,8.306774130e-01,4.500000000e-01,4.500000000e-01,1.093115690e-01
6.160000000e-01,1.219730880e+00,2.737299570e-01,1.219730880e+00,-2.222583300e-05,8.297778950e-01,8.297778950e-01,4.500000000e-01,4.500000000e-01,1.077299570e-01
6.170000000e-01,1.218949260e+00,2.731483800e-01,1.218949260e+00,-2.249403140e-05,8.288783860e-01,8.288783860e-01,4.500000000e-01,4.500000000e-01,1.061483800e-01
6.180000000e-01,1.218167680e+00,2.725668390e-01,1.218167680e+00,-2.276383350e-05,8.279788860e-01,8.279788860e-01,4.500000000e-01,4.500000000e-01,1.045668390e-01
6.190000000e-01,1.217386140e+00,2.719853340e-01,1.217386140e+00,-2.303523950e-05,8.270793960e-01,8.270793960e-01,4.500000000e-01,4.500000000e-01,1.029853340e-01
6.200000000e-01,1.216604630e+00,2.714038660e-01,1.216604630e+00,-2.330824900e-05,8.261799150e-01,8.261799150e-01,4.500000000e-01,4.500000000e-01,1.014038660e-01
6.210000000e-01,1.215823170e+00,2.708224330e-01,1.215823170e+00,-2.358286210e-05,8.252804430e-01,8.252804430e-01,4.500000000e-01,4.500000000e-01,9.982243280e-02
6.220000000e-01,1.215041730e+00,2.702410360e-01,1.215041730e+00,-2.385907880e-05,8.243809800e-01,8.243809800e-01,4.500000000e-01,4.500000000e-01,9.824103600e-02
6.230000000e-01,1.214260340e+00,2.696596750e-01,1.214260340e+00,-2.413689880e-05,8.234815270e-01,8.234815270e-01,4.500000000e-01,4.500000000e-01,9.665967520e-02
6.240000000e-01,1.213478980e+00,2.690783500e-01,1.213478980e+00,-2.441632210e-05,8.225820820e-01,8.225820820e-01,4.500000000e-01,4.500000000e-01,9.507835050e-02
6.250000000e-01,1.212697660e+00,2.684970620e-01,1.212697660e+00,-2.469734860e-05,8.216826470e-01,8.216826470e-01,4.500000000e-01,4.500000000e-01,9.349706180e-02
6.260000000e-01,1.211916380e+00,2.679158090e-01,1.211916380e+00,-2.497997830e-05,8.207832210e-01,8.207832210e-01,4.500000000e-01,4.500000000e-01,9.191580920e-02
6.270000000e-01,1.211135140e+00,2.673345930e-01,1.211135140e+00,-2.526421110e-05,8.198838040e-01,8.198838040e-01,4.500000000e-01,4.500000000e-01,9.033459280e-02
6.280000000e-01,1.210353930e+00,2.667534120e-01,1.210353930e+00,-2.555004680e-05,8.189843960e-01,8.189843960e-01,4.500000000e-01,4.500000000e-01,8.875341240e-02
6.290000000e-01,1.209572760e+00,2.661722680e-01,1.209572760e+00,-2.583748550e-05,8.180849970e-01,8.180849970e-01,4.500000000e-01,4.500000000e-01,8.717226820e-02
6.300000000e-01,1.208791630e+00,2.655911600e-01,1.208791630e+00,-2.612652700e-05,8.171856080e-01,8.171856080e-01,4.500000000e-01,4.500000000e-01,8.559116020e-02
6.310000000e-01,1.208010530e+00,2.650100880e-01,1.208010530e+00,-2.641717120e-05,8.162862270e-01,8.162862270e-01,4.500000000e-01,4.500000000e-01,8.401008840e-02
6.320000000e-01,1.207229470e+00,2.644290530e-01,1.207229470e+00,-2.670941800e-05,8.153868550e-01,8.153868550e-01,4.500000000e-01,4.500000000e-01,8.242905280e-02
6.330000000e-01,1.206448450e+00,2.638480530e-01,1.206448450e+00,-2.700326740e-05,8.144874920e-01,8.144874920e-01,4.500000000e-01,4.500000000e-01,8.084805340e-02
6.340000000e-01,1.205667460e+00,2.632670900e-01,1.205667460e+00,-2.729871930e-05,8.135881380e-01,8.135881380e-01,4.500000000e-01,4.500000000e-01,7.926709030e-02
6.350000000e-01,1.204886520e+00,2.626861630e-01,1.204886520e+00,-2.759577370e-05,8.126887930e-01,8.126887930e-01,4.500000000e-01,4.500000000e-01,7.768616340e-02
6.360000000e-01,1.204105610e+00,2.621052730e-01,1.204105610e+00,-2.789443030e-05,8.117894560e-01,8.117894560e-01,4.500000000e-01,4.500000000e-01,7.610527280e-02
6.370000000e-01,1.203324730e+00,2.615244190e-01,1.203324730e+00,-2.819468920e-05,8.108901290e-01,8.108901290e-01,4.500000000e-01,4.500000000e-01,7.452441860e-02
6.380000000e-01,1.202543900e+00,2.609436010e-01,1.202543900e+00,-2.849655020e-05,8.099908100e-01,8.099908100e-01,4.500000000e-01,4.500000000e-01,7.294360070e-02
6.390000000e-01,1.201763100e+00,2.603628190e-01,1.201763100e+00,-2.880001330e-05,8.090915000e-01,8.090915000e-01,4.500000000e-01,4.500000000e-01,7.136281910e-02
6.400000000e-01,1.200982340e+00,2.597820740e-01,1.200982340e+00,-2.910507840e-05,8.081921990e-01,8.081921990e-01,4.500000000e-01,4.500000000e-01,6.978207390e-02
6.410000000e-01,1.200201610e+00,2.592013650e-01,1.200201610e+00,-2.941174540e-05,8.072929070e-01,8.072929070e-01,4.500000000e-01,4.500000000e-01,6.820136510e-02
6.420000000e-01,1.199420930e+00,2.586206930e-01,1.199420930e+00,-2.972001430e-05,8.063936230e-01,8.063936230e-01,4.500000000e-01,4.500000000e-01,6.662069270e-02
6.430000000e-01,1.198640280e+00,2.580400570e-01,1.198640280e+00,-3.002988480e-05,8.054943480e-01,8.054943480e-01,4.500000000e-01,4.500000000e-01,6.504005680e-02
6.440000000e-01,1.197859660e+00,2.574594570e-01,1.197859660e+00,-3.034135710e-05,8.045950810e-01,8.045950810e-01,4.500000000e-01,4.500000000e-01,6.345945730e-02
6.450000000e-01,1.197079090e+00,2.568788940e-01,1.197079090e+00,-3.065443090e-05,8.036958230e-01,8.036958230e-01,4.500000000e-01,4.500000000e-01,6.187889430e-02
6.460000000e-01,1.196298550e+00,2.562983680e-01,1.196298550e+00,-3.096910620e-05,8.027965740e-01,8.027965740e-01,4.500000000e-01,4.500000000e-01,6.029836780e-02
6.470000000e-01,1.195518050e+00,2.557178780e-01,1.195518050e+00,-3.128538290e-05,8.018973340e-01,8.018973340e-01,4.500000000e-01,4.500000000e-01,5.871787780e-02
6.480000000e-01,1.194737580e+00,2.551374240e-01,1.194737580e+00,-3.160326100e-05,8.009981010e-01,8.009981010e-01,4.500000000e-01,4.500000000e-01,5.713742430e-02
6.490000000e-01,1.193957160e+00,2.545570070e-01,1.193957160e+00,-3.192274030e-05,8.000988780e-01,8.000988780e-01,4.500000000e-01,4.500000000e-01,5.555700740e-02
6.500000000e-01,1.193176760e+00,2.539766270e-01,1.193176760e+00,-3.224382080e-05,7.991996630e-01,7.991996630e-01,4.500000000e-01,4.500000000e-01,5.397662710e-02
6.510000000e-01,1.192396410e+00,2.533962830e-01,1.192396410e+00,-3.256650230e-05,7.983004560e-01,7.983004560e-01,4.500000000e-01,4.500000000e-01,5.239628340e-02
6.520000000e-01,1.191616100e+00,2.528159760e-01,1.191616100e+00,-3.289078490e-05,7.974012580e-01,7.974012580e-01,4.500000000e-01,4.500000000e-01,5.081597630e-02
6.530000000e-01,1.190835820e+00,2.522357060e-01,1.190835820e+00,-3.321666830e-05,7.965020680e-01,7.965020680e-01,4.500000000e-01,4.500000000e-01,4.923570590e-02
6.540000000e-01,1.190055580e+00,2.516554720e-01,1.190055580e+00,-3.354415260e-05,7.956028860e-01,7.956028860e-01,4.500000000e-01,4.500000000e-01,4.765547210e-02
6.550000000e-01,1.189275370e+00,2.510752750e-01,1.189275370e+00,-3.387323770e-05,7.947037130e-01,7.947037130e-01,4.500000000e-01,4.500000000e-01,4.607527500e-02
6.560000000e-01,1.188495200e+00,2.504951150e-01,1.188495200e+00,-3.420392340e-05,7.938045480e-01,7.938045480e-01,4.500000000e-01,4.500000000e-01,4.449511470e-02
6.570000000e-01,1.187715070e+00,2.499149910e-01,1.187715070e+00,-3.453620980e-05,7.929053920e-01,7.929053920e-01,4.500000000e-01,4.500000000e-01,4.291499100e-02
6.580000000e-01,1.186934980e+00,2.493349040e-01,1.186934980e+00,-3.487009660e-05,7.920062430e-01,7.920062430e-01,4.500000000e-01,4.500000000e-01,4.133490410e-02
6.590000000e-01,1.186154920e+00,2.487548540e-01,1.186154920e+00,-3.520558380e-05,7.911071030e-01,7.911071030e-01,4.500000000e-01,4.500000000e-01,3.975485400e-02
6.600000000e-01,1.185374900e+00,2.481748410e-01,1.185374900e+00,-3.554267140e-05,7.902079720e-01,7.902079720e-01,4.500000000e-01,4.500000000e-01,3.817484060e-02
6.610000000e-01,1.184594920e+00,2.475948640e-01,1.184594920e+00,-3.588135930e-05,7.893088480e-01,7.893088480e-01,4.500000000e-01,4.500000000e-01,3.659486410e-02
6.620000000e-01,1.183814980e+00,2.470149240e-01,1.183814980e+00,-3.622164730e-05,7.884097320e-01,7.884097320e-01,4.500000000e-01,4.500000000e-01,3.501492440e-02
6.630000000e-01,1.183035070e+00,2.464350220e-01,1.183035070e+00,-3.656353540e-05,7.875106250e-01,7.875106250e-01,4.500000000e-01,4.500000000e-01,3.343502160e-02
6.640000000e-01,1.182255200e+00,2.458551560e-01,1.182255200e+00,-3.690702350e-05,7.866115260e-01,7.866115260e-01,4.500000000e-01,4.500000000e-01,3.185515560e-02
6.650000000e-01,1.181475360e+00,2.452753270e-01,1.181475360e+00,-3.725211160e-05,7.857124350e-01,7.857124350e-01,4.500000000e-01,4.500000000e-01,3.027532650e-02
6.660000000e-01,1.180695570e+00,2.446955340e-01,1.180695570e+00,-3.759879950e-05,7.848133510e-01,7.848133510e-01,4.500000000e-01,4.500000000e-01,2.869553440e-02
6.670000000e-01,1.179915810e+00,2.441157790e-01,1.179915810e+00,-3.794708720e-05,7.839142760e-01,7.839142760e-01,4.500000000e-01,4.500000000e-01,2.711577920e-02
6.680000000e-01,1.179136080e+00,2.435360610e-01,1.179136080e+00,-3.829697450e-05,7.830152090e-01,7.830152090e-01,4.500000000e-01,4.500000000e-01,2.553606090e-02
6.690000000e-01,1.178356400e+00,2.429563800e-01,1.178356400e+00,-3.864846150e-05,7.821161500e-01,7.821161500e-01,4.500000000e-01,4.500000000e-01,2.395637960e-02
6.700000000e-01,1.177576750e+00,2.423767350e-01,1.177576750e+00,-3.900154790e-05,7.812170990e-01,7.812170990e-01,4.500000000e-01,4.500000000e-01,2.237673540e-02
6.710000000e-01,1.176797140e+00,2.417971280e-01,1.176797140e+00,-3.935623390e-05,7.803180550e-01,7.803180550e-01,4.500000000e-01,4.500000000e-01,2.079712810e-02
6.720000000e-01,1.176017560e+00,2.412175580e-01,1.176017560e+00,-3.971251910e-05,7.794190200e-01,7.794190200e-01,4.500000000e-01,4.500000000e-01,1.921755790e-02
6.730000000e-01,1.175238020e+00,2.406380250e-01,1.175238020e+00,-4.007040360e-05,7.785199920e-01,7.785199920e-01,4.500000000e-01,4.500000000e-01,1.763802480e-02
6.740000000e-01,1.174458520e+00,2.400585290e-01,1.174458520e+00,-4.042988740e-05,7.776209720e-01,7.776209720e-01,4.500000000e-01,4.500000000e-01,1.605852880e-02
6.750000000e-01,1.173679060e+00,2.394790700e-01,1.173679060e+00,-4.079097020e-05,7.767219600e-01,7.767219600e-01,4.500000000e-01,4.500000000e-01,1.447906990e-02
6.760000000e-01,1.172899630e+00,2.388996480e-01,1.172899630e+00,-4.115365200e-05,7.758229560e-01,7.758229560e-01,4.500000000e-01,4.500000000e-01,1.289964810e-02
6.770000000e-01,1.172120240e+00,2.383202630e-01,1.172120240e+00,-4.151793280e-05,7.749239600e-01,7.749239600e-01,4.500000000e-01,4.500000000e-01,1.132026340e-02
6.780000000e-01,1.171340890e+00,2.377409160e-01,1.171340890e+00,-4.188381250e-05,7.740249710e-01,7.740249710e-01,4.500000000e-01,4.500000000e-01,9.740915960e-03
6.790000000e-01,1.170561570e+00,2.371616060e-01,1.170561570e+00,-4.225129090e-05,7.731259900e-01,7.731259900e-01,4.500000000e-01,4.500000000e-01,8.161605690e-03
6.800000000e-01,1.169782290e+00,2.365823330e-01,1.169782290e+00,-4.262036800e-05,7.722270170e-01,7.722270170e-01,4.500000000e-01,4.500000000e-01,6.582332640e-03
6.810000000e-01,1.169003050e+00,2.360030970e-01,1.169003050e+00,-4.299104380e-05,7.713280510e-01,7.713280510e-01,4.500000000e-01,4.500000000e-01,5.003096840e-03
6.820000000e-01,1.168223840e+00,2.354238980e-01,1.168223840e+00,-4.336331800e-05,7.704290930e-01,7.704290930e-01,4.500000000e-01,4.500000000e-01,3.423898290e-03
6.830000000e-01,1.167444680e+00,2.348447370e-01,1.167444680e+00,-4.373719080e-05,7.695301420e-01,7.695301420e-01,4.500000000e-01,4.500000000e-01,1.844737020e-03
6.840000000e-01,1.166665540e+00,2.342656130e-01,1.166665540e+00,-4.411266180e-05,7.686311990e-01,7.686311990e-01,4.500000000e-01,4.500000000e-01,2.656130630e-04
6.850000000e-01,1.165889300e+00,2.336886450e-01,1.165889300e+00,-4.448834870e-05,7.677355530e-01,7.677355530e-01,4.500000000e-01,4.500000000e-01,-1.311354860e-03
6.860000000e-01,1.165121100e+00,2.331176690e-01,1.165121100e+00,-4.486171970e-05,7.668491580e-01,7.668491580e-01,4.500000000e-01,4.500000000e-01,-2.882330930e-03
6.870000000e-01,1.164360880e+00,2.325526280e-01,1.164360880e+00,-4.523276340e-05,7.659719280e-01,7.659719280e-01,4.500000000e-01,4.500000000e-01,-4.447372490e-03
6.880000000e-01,1.163608440e+00,2.319933810e-01,1.163608440e+00,-4.560152340e-05,7.651036470e-01,7.651036470e-01,4.500000000e-01,4.500000000e-01,-6.006619120e-03
6.890000000e-01,1.162863600e+00,2.314397950e-01,1.162863600e+00,-4.596804200e-05,7.642441090e-01,7.642441090e-01,4.500000000e-01,4.500000000e-01,-7.560204970e-03
6.900000000e-01,1.162126200e+00,2.308917410e-01,1.162126200e+00,-4.633235980e-05,7.633931130e-01,7.633931130e-01,4.500000000e-01,4.500000000e-01,-9.108259220e-03
6.910000000e-01,1.161396060e+00,2.303490940e-01,1.161396060e+00,-4.669451620e-05,7.625504690e-01,7.625504690e-01,4.500000000e-01,4.500000000e-01,-1.065090630e-02
6.920000000e-01,1.160673020e+00,2.298117340e-01,1.160673020e+00,-4.705454930e-05,7.617159910e-01,7.617159910e-01,4.500000000e-01,4.500000000e-01,-1.218826600e-02
6.930000000e-01,1.159956930e+00,2.292795460e-01,1.159956930e+00,-4.741249600e-05,7.608895010e-01,7.608895010e-01,4.500000000e-01,4.500000000e-01,-1.372045410e-02
6.940000000e-01,1.159247630e+00,2.287524180e-01,1.159247630e+00,-4.776839180e-05,7.600708270e-01,7.600708270e-01,4.500000000e-01,4.500000000e-01,-1.524758210e-02
6.950000000e-01,1.158544990e+00,2.282302420e-01,1.158544990e+00,-4.812227130e-05,7.592598020e-01,7.592598020e-01,4.500000000e-01,4.500000000e-01,-1.676975770e-02
6.960000000e-01,1.157848860e+00,2.277129150e-01,1.157848860e+00,-4.847416810e-05,7.584562670e-01,7.584562670e-01,4.500000000e-01,4.500000000e-01,-1.828708490e-02
6.970000000e-01,1.157159110e+00,2.272003360e-01,1.157159110e+00,-4.882411440e-05,7.576600670e-01,7.576600670e-01,4.500000000e-01,4.500000000e-01,-1.979966420e-02
6.980000000e-01,1.156475600e+00,2.266924070e-01,1.156475600e+00,-4.917214190e-05,7.568710500e-01,7.568710500e-01,4.500000000e-01,4.500000000e-01,-2.130759280e-02
6.990000000e-01,1.155798220e+00,2.261890350e-01,1.155798220e+00,-4.951828100e-05,7.560890730e-01,7.560890730e-01,4.500000000e-01,4.500000000e-01,-2.281096450e-02
7.000000000e-01,1.155126840e+00,2.256901300e-01,1.155126840e+00,-4.986256140e-05,7.553139960e-01,7.553139960e-01,4.500000000e-01,4.500000000e-01,-2.430987030e-02
7.010000000e-01,1.154461340e+00,2.251956020e-01,1.154461340e+00,-5.020501180e-05,7.545456820e-01,7.545456820e-01,4.500000000e-01,4.500000000e-01,-2.580439820e-02
7.020000000e-01,1.153801600e+00,2.247053670e-01,1.153801600e+00,-5.054566030e-05,7.537840010e-01,7.537840010e-01,4.500000000e-01,4.500000000e-01,-2.729463340e-02
7.030000000e-01,1.153147530e+00,2.242193420e-01,1.153147530e+00,-5.088453390e-05,7.530288240e-01,7.530288240e-01,4.500000000e-01,4.500000000e-01,-2.878065830e-02
7.040000000e-01,1.152499000e+00,2.237374470e-01,1.152499000e+00,-5.122165910e-05,7.522800290e-01,7.522800290e-01,4.500000000e-01,4.500000000e-01,-3.026255300e-02
7.050000000e-01,1.151855910e+00,2.232596050e-01,1.151855910e+00,-5.155706170e-05,7.515374960e-01,7.515374960e-01,4.500000000e-01,4.500000000e-01,-3.174039500e-02
7.060000000e-01,1.151218170e+00,2.227857400e-01,1.151218170e+00,-5.189076650e-05,7.508011090e-01,7.508011090e-01,4.500000000e-01,4.500000000e-01,-3.321425950e-02
7.070000000e-01,1.150585670e+00,2.223157800e-01,1.150585670e+00,-5.222279790e-05,7.500707550e-01,7.500707550e-01,4.500000000e-01,4.500000000e-01,-3.468421950e-02
7.080000000e-01,1.149958330e+00,2.218496540e-01,1.149958330e+00,-5.255317970e-05,7.493463250e-01,7.493463250e-01,4.500000000e-01,4.500000000e-01,-3.615034580e-02
7.090000000e-01,1.149336040e+00,2.213872930e-01,1.149336040e+00,-5.288193480e-05,7.486277140e-01,7.486277140e-01,4.500000000e-01,4.500000000e-01,-3.761270700e-02
7.100000000e-01,1.148718720e+00,2.209286300e-01,1.148718720e+00,-5.320908570e-05,7.479148170e-01,7.479148170e-01,4.500000000e-01,4.500000000e-01,-3.907137000e-02
7.110000000e-01,1.148106280e+00,2.204736000e-01,1.148106280e+00,-5.353465440e-05,7.472075360e-01,7.472075360e-01,4.500000000e-01,4.500000000e-01,-4.052639970e-02
7.120000000e-01,1.147498640e+00,2.200221410e-01,1.147498640e+00,-5.385866230e-05,7.465057720e-01,7.465057720e-01,4.500000000e-01,4.500000000e-01,-4.197785910e-02
7.130000000e-01,1.146895720e+00,2.195741910e-01,1.146895720e+00,-5.418113000e-05,7.458094310e-01,7.458094310e-01,4.500000000e-01,4.500000000e-01,-4.342580940e-02
7.140000000e-01,1.146297430e+00,2.191296900e-01,1.146297430e+00,-5.450207790e-05,7.451184220e-01,7.451184220e-01,4.500000000e-01,4.500000000e-01,-4.487031030e-02
7.150000000e-01,1.145703690e+00,2.186885800e-01,1.145703690e+00,-5.482152590e-05,7.444326550e-01,7.444326550e-01,4.500000000e-01,4.500000000e-01,-4.631141960e-02
7.160000000e-01,1.145114440e+00,2.182508060e-01,1.145114440e+00,-5.513949330e-05,7.437520420e-01,7.437520420e-01,4.500000000e-01,4.500000000e-01,-4.774919400e-02
7.170000000e-01,1.144529590e+00,2.178163120e-01,1.144529590e+00,-5.545599890e-05,7.430764990e-01,7.430764990e-01,4.500000000e-01,4.500000000e-01,-4.918368810e-02
7.180000000e-01,1.143949080e+00,2.173850440e-01,1.143949080e+00,-5.577106120e-05,7.424059440e-01,7.424059440e-01,4.500000000e-01,4.500000000e-01,-5.061495560e-02
7.190000000e-01,1.143372830e+00,2.169569520e-01,1.143372830e+00,-5.608469830e-05,7.417402970e-01,7.417402970e-01,4.500000000e-01,4.500000000e-01,-5.204304830e-02
7.200000000e-01,1.142800780e+00,2.165319830e-01,1.142800780e+00,-5.639692760e-05,7.410794780e-01,7.410794780e-01,4.500000000e-01,4.500000000e-01,-5.346801710e-02
7.210000000e-01,1.142232860e+00,2.161100890e-01,1.142232860e+00,-5.670776640e-05,7.404234120e-01,7.404234120e-01,4.500000000e-01,4.500000000e-01,-5.488991140e-02
7.220000000e-01,1.141669010e+00,2.156912210e-01,1.141669010e+00,-5.701723160e-05,7.397720250e-01,7.397720250e-01,4.500000000e-01,4.500000000e-01,-5.630877930e-02
7.230000000e-01,1.141109160e+00,2.152753320e-01,1.141109160e+00,-5.732533950e-05,7.391252440e-01,7.391252440e-01,4.500000000e-01,4.500000000e-01,-5.772466770e-02
7.240000000e-01,1.140553250e+00,2.148623770e-01,1.140553250e+00,-5.763210620e-05,7.384829980e-01,7.384829980e-01,4.500000000e-01,4.500000000e-01,-5.913762250e-02
7.250000000e-01,1.140001230e+00,2.144523120e-01,1.140001230e+00,-5.793754740e-05,7.378452190e-01,7.378452190e-01,4.500000000e-01,4.500000000e-01,-6.054768830e-02
7.260000000e-01,1.139453030e+00,2.140450910e-01,1.139453030e+00,-5.824167860e-05,7.372118380e-01,7.372118380e-01,4.500000000e-01,4.500000000e-01,-6.195490860e-02
7.270000000e-01,1.138908590e+00,2.136406740e-01,1.138908590e+00,-5.854451470e-05,7.365827920e-01,7.365827920e-01,4.500000000e-01,4.500000000e-01,-6.335932600e-02
7.280000000e-01,1.138367870e+00,2.132390180e-01,1.138367870e+00,-5.884607060e-05,7.359580150e-01,7.359580150e-01,4.500000000e-01,4.500000000e-01,-6.476098190e-02
7.290000000e-01,1.137830800e+00,2.128400830e-01,1.137830800e+00,-5.914636060e-05,7.353374460e-01,7.353374460e-01,4.500000000e-01,4.500000000e-01,-6.615991690e-02
7.300000000e-01,1.137297330e+00,2.124438290e-01,1.137297330e+00,-5.944539890e-05,7.347210220e-01,7.347210220e-01,4.500000000e-01,4.500000000e-01,-6.755617060e-02
7.310000000e-01,1.136767410e+00,2.120502180e-01,1.136767410e+00,-5.974319940e-05,7.341086850e-01,7.341086850e-01,4.500000000e-01,4.500000000e-01,-6.894978150e-02
7.320000000e-01,1.136241000e+00,2.116592130e-01,1.136241000e+00,-6.003977550e-05,7.335003760e-01,7.335003760e-01,4.500000000e-01,4.500000000e-01,-7.034078750e-02
7.330000000e-01,1.135718040e+00,2.112707750e-01,1.135718040e+00,-6.033514060e-05,7.328960390e-01,7.328960390e-01,4.500000000e-01,4.500000000e-01,-7.172922530e-02
7.340000000e-01,1.135198470e+00,2.108848690e-01,1.135198470e+00,-6.062930770e-05,7.322956170e-01,7.322956170e-01,4.500000000e-01,4.500000000e-01,-7.311513110e-02
7.350000000e-01,1.134682270e+00,2.105014600e-01,1.134682270e+00,-6.092228960e-05,7.316990560e-01,7.316990560e-01,4.500000000e-01,4.500000000e-01,-7.449854010e-02
7.360000000e-01,1.134169370e+00,2.101205130e-01,1.134169370e+00,-6.121409870e-05,7.311063040e-01,7.311063040e-01,4.500000000e-01,4.500000000e-01,-7.587948670e-02
7.370000000e-01,1.133659730e+00,2.097419950e-01,1.133659730e+00,-6.150474750e-05,7.305173070e-01,7.305173070e-01,4.500000000e-01,4.500000000e-01,-7.725800470e-02
7.380000000e-01,1.133153320e+00,2.093658730e-01,1.133153320e+00,-6.179424780e-05,7.299320160e-01,7.299320160e-01,4.500000000e-01,4.500000000e-01,-7.863412700e-02
7.390000000e-01,1.132650080e+00,2.089921140e-01,1.132650080e+00,-6.208261150e-05,7.293503800e-01,7.293503800e-01,4.500000000e-01,4.500000000e-01,-8.000788580e-02
7.400000000e-01,1.132149970e+00,2.086206870e-01,1.132149970e+00,-6.236985030e-05,7.287723500e-01,7.287723500e-01,4.500000000e-01,4.500000000e-01,-8.137931270e-02
7.410000000e-01,1.131652960e+00,2.082515610e-01,1.131652960e+00,-6.265597540e-05,7.281978800e-01,7.281978800e-01,4.500000000e-01,4.500000000e-01,-8.274843860e-02
7.420000000e-01,1.131159000e+00,2.078847060e-01,1.131159000e+00,-6.294099810e-05,7.276269220e-01,7.276269220e-01,4.500000000e-01,4.500000000e-01,-8.411529370e-02
7.430000000e-01,1.130668050e+00,2.075200920e-01,1.130668050e+00,-6.322492920e-05,7.270594310e-01,7.270594310e-01,4.500000000e-01,4.500000000e-01,-8.547990760e-02
7.440000000e-01,1.130180070e+00,2.071576910e-01,1.130180070e+00,-6.350777960e-05,7.264953620e-01,7.264953620e-01,4.500000000e-01,4.500000000e-01,-8.684230920e-02
7.450000000e-01,1.129695030e+00,2.067974730e-01,1.129695030e+00,-6.378955990e-05,7.259346720e-01,7.259346720e-01,4.500000000e-01,4.500000000e-01,-8.820252700e-02
7.460000000e-01,1.129212880e+00,2.064394110e-01,1.129212880e+00,-6.407028030e-05,7.253773160e-01,7.253773160e-01,4.500000000e-01,4.500000000e-01,-8.956058860e-02
7.470000000e-01,1.128733600e+00,2.060834790e-01,1.128733600e+00,-6.434995110e-05,7.248232540e-01,7.248232540e-01,4.500000000e-01,4.500000000e-01,-9.091652150e-02
7.480000000e-01,1.128257140e+00,2.057296480e-01,1.128257140e+00,-6.462858230e-05,7.242724440e-01,7.242724440e-01,4.500000000e-01,4.500000000e-01,-9.227035220e-02
7.490000000e-01,1.127783470e+00,2.053778930e-01,1.127783470e+00,-6.490618380e-05,7.237248460e-01,7.237248460e-01,4.500000000e-01,4.500000000e-01,-9.362210680e-02
7.500000000e-01,1.127312550e+00,2.050281890e-01,1.127312550e+00,-6.518276510e-05,7.231804200e-01,7.231804200e-01,4.500000000e-01,4.500000000e-01,-9.497181110e-02
