VDIFF_V,VINP_V,VINN_V,OUT_V
-2.000000000e-02,8.900000000e-01,9.100000000e-01,3.362288200e-01
-1.990000000e-02,8.900500000e-01,9.099500000e-01,3.363986190e-01
-1.980000000e-02,8.901000000e-01,9.099000000e-01,3.365689510e-01
-1.970000000e-02,8.901500000e-01,9.098500000e-01,3.367395920e-01
-1.960000000e-02,8.902000000e-01,9.098000000e-01,3.369108490e-01
-1.950000000e-02,8.902500000e-01,9.097500000e-01,3.370827290e-01
-1.940000000e-02,8.903000000e-01,9.097000000e-01,3.372552390e-01
-1.930000000e-02,8.903500000e-01,9.096500000e-01,3.374283840e-01
-1.920000000e-02,8.904000000e-01,9.096000000e-01,3.376021710e-01
-1.910000000e-02,8.904500000e-01,9.095500000e-01,3.377766070e-01
-1.900000000e-02,8.905000000e-01,9.095000000e-01,3.379516990e-01
-1.890000000e-02,8.905500000e-01,9.094500000e-01,3.381274530e-01
-1.880000000e-02,8.906000000e-01,9.094000000e-01,3.383038760e-01
-1.870000000e-02,8.906500000e-01,9.093500000e-01,3.384809750e-01
-1.860000000e-02,8.907000000e-01,9.093000000e-01,3.386587570e-01
-1.850000000e-02,8.907500000e-01,9.092500000e-01,3.388372300e-01
-1.840000000e-02,8.908000000e-01,9.092000000e-01,3.390164020e-01
-1.830000000e-02,8.908500000e-01,9.091500000e-01,3.391962790e-01
-1.820000000e-02,8.909000000e-01,9.091000000e-01,3.393768690e-01
-1.810000000e-02,8.909500000e-01,9.090500000e-01,3.395581810e-01
-1.800000000e-02,8.910000000e-01,9.090000000e-01,3.397402210e-01
-1.790000000e-02,8.910500000e-01,9.089500000e-01,3.399229990e-01
-1.780000000e-02,8.911000000e-01,9.089000000e-01,3.401065220e-01
-1.770000000e-02,8.911500000e-01,9.088500000e-01,3.402907990e-01
-1.760000000e-02,8.912000000e-01,9.088000000e-01,3.404758380e-01
-1.750000000e-02,8.912500000e-01,9.087500000e-01,3.406616480e-01
-1.740000000e-02,8.913000000e-01,9.087000000e-01,3.408482380e-01
-1.730000000e-02,8.913500000e-01,9.086500000e-01,3.410356170e-01
-1.720000000e-02,8.914000000e-01,9.086000000e-01,3.412237940e-01
-1.710000000e-02,8.914500000e-01,9.085500000e-01,3.414127790e-01
-1.700000000e-02,8.915000000e-01,9.085000000e-01,3.416025810e-01
-1.690000000e-02,8.915500000e-01,9.084500000e-01,3.417932090e-01
-1.680000000e-02,8.916000000e-01,9.084000000e-01,3.419846740e-01
-1.670000000e-02,8.916500000e-01,9.083500000e-01,3.421769860e-01
-1.660000000e-02,8.917000000e-01,9.083000000e-01,3.423701550e-01
-1.650000000e-02,8.917500000e-01,9.082500000e-01,3.425641910e-01
-1.640000000e-02,8.918000000e-01,9.082000000e-01,3.427591060e-01
-1.630000000e-02,8.918500000e-01,9.081500000e-01,3.429549100e-01
-1.620000000e-02,8.919000000e-01,9.081000000e-01,3.431516140e-01
-1.610000000e-02,8.919500000e-01,9.080500000e-01,3.433492300e-01
-1.600000000e-02,8.920000000e-01,9.080000000e-01,3.435477700e-01
-1.590000000e-02,8.920500000e-01,9.079500000e-01,3.437472440e-01
-1.580000000e-02,8.921000000e-01,9.079000000e-01,3.439476660e-01
-1.570000000e-02,8.921500000e-01,9.078500000e-01,3.441490480e-01
-1.560000000e-02,8.922000000e-01,9.078000000e-01,3.443514030e-01
-1.550000000e-02,8.922500000e-01,9.077500000e-01,3.445547420e-01
-1.540000000e-02,8.923000000e-01,9.077000000e-01,3.447590800e-01
-1.530000000e-02,8.923500000e-01,9.076500000e-01,3.449644300e-01
-1.520000000e-02,8.924000000e-01,9.076000000e-01,3.451708060e-01
-1.510000000e-02,8.924500000e-01,9.075500000e-01,3.453782210e-01
-1.500000000e-02,8.925000000e-01,9.075000000e-01,3.455866900e-01
-1.490000000e-02,8.925500000e-01,9.074500000e-01,3.457962290e-01
-1.480000000e-02,8.926000000e-01,9.074000000e-01,3.460068510e-01
-1.470000000e-02,8.926500000e-01,9.073500000e-01,3.462185720e-01
-1.460000000e-02,8.927000000e-01,9.073000000e-01,3.464314090e-01
-1.450000000e-02,8.927500000e-01,9.072500000e-01,3.466453770e-01
-1.440000000e-02,8.928000000e-01,9.072000000e-01,3.468604920e-01
-1.430000000e-02,8.928500000e-01,9.071500000e-01,3.470767720e-01
-1.420000000e-02,8.929000000e-01,9.071000000e-01,3.472942340e-01
-1.410000000e-02,8.929500000e-01,9.070500000e-01,3.475128950e-01
-1.400000000e-02,8.930000000e-01,9.070000000e-01,3.477327740e-01
-1.390000000e-02,8.930500000e-01,9.069500000e-01,3.479538890e-01
-1.380000000e-02,8.931000000e-01,9.069000000e-01,3.481762600e-01
-1.370000000e-02,8.931500000e-01,9.068500000e-01,3.483999060e-01
-1.360000000e-02,8.932000000e-01,9.068000000e-01,3.486248470e-01
-1.350000000e-02,8.932500000e-01,9.067500000e-01,3.488511030e-01
-1.340000000e-02,8.933000000e-01,9.067000000e-01,3.490786960e-01
-1.330000000e-02,8.933500000e-01,9.066500000e-01,3.493076480e-01
-1.320000000e-02,8.934000000e-01,9.066000000e-01,3.495379800e-01
-1.310000000e-02,8.934500000e-01,9.065500000e-01,3.497697160e-01
-1.300000000e-02,8.935000000e-01,9.065000000e-01,3.500028780e-01
-1.290000000e-02,8.935500000e-01,9.064500000e-01,3.502374920e-01
-1.280000000e-02,8.936000000e-01,9.064000000e-01,3.504735810e-01
-1.270000000e-02,8.936500000e-01,9.063500000e-01,3.507111720e-01
-1.260000000e-02,8.937000000e-01,9.063000000e-01,3.509502900e-01
-1.250000000e-02,8.937500000e-01,9.062500000e-01,3.511909630e-01
-1.240000000e-02,8.938000000e-01,9.062000000e-01,3.514332180e-01
-1.230000000e-02,8.938500000e-01,9.061500000e-01,3.516770840e-01
-1.220000000e-02,8.939000000e-01,9.061000000e-01,3.519225900e-01
-1.210000000e-02,8.939500000e-01,9.060500000e-01,3.521697660e-01
-1.200000000e-02,8.940000000e-01,9.060000000e-01,3.524186440e-01
-1.190000000e-02,8.940500000e-01,9.059500000e-01,3.526692560e-01
-1.180000000e-02,8.941000000e-01,9.059000000e-01,3.529216350e-01
-1.170000000e-02,8.941500000e-01,9.058500000e-01,3.531758160e-01
-1.160000000e-02,8.942000000e-01,9.058000000e-01,3.534318330e-01
-1.150000000e-02,8.942500000e-01,9.057500000e-01,3.536897230e-01
-1.140000000e-02,8.943000000e-01,9.057000000e-01,3.539495230e-01
-1.130000000e-02,8.943500000e-01,9.056500000e-01,3.542112740e-01
-1.120000000e-02,8.944000000e-01,9.056000000e-01,3.544750140e-01
-1.110000000e-02,8.944500000e-01,9.055500000e-01,3.547407860e-01
-1.100000000e-02,8.945000000e-01,9.055000000e-01,3.550086330e-01
-1.090000000e-02,8.945500000e-01,9.054500000e-01,3.552785990e-01
-1.080000000e-02,8.946000000e-01,9.054000000e-01,3.555507300e-01
-1.070000000e-02,8.946500000e-01,9.053500000e-01,3.558250740e-01
-1.060000000e-02,8.947000000e-01,9.053000000e-01,3.561016810e-01
-1.050000000e-02,8.947500000e-01,9.052500000e-01,3.563806020e-01
-1.040000000e-02,8.948000000e-01,9.052000000e-01,3.566618900e-01
-1.030000000e-02,8.948500000e-01,9.051500000e-01,3.569456020e-01
-1.020000000e-02,8.949000000e-01,9.051000000e-01,3.572317940e-01
-1.010000000e-02,8.949500000e-01,9.050500000e-01,3.575205260e-01
-1.000000000e-02,8.950000000e-01,9.050000000e-01,3.578118610e-01
-9.900000000e-03,8.950500000e-01,9.049500000e-01,3.581058640e-01
-9.800000000e-03,8.951000000e-01,9.049000000e-01,3.584026010e-01
-9.700000000e-03,8.951500000e-01,9.048500000e-01,3.587021440e-01
-9.600000000e-03,8.952000000e-01,9.048000000e-01,3.590045650e-01
-9.500000000e-03,8.952500000e-01,9.047500000e-01,3.593099410e-01
-9.400000000e-03,8.953000000e-01,9.047000000e-01,3.596183520e-01
-9.300000000e-03,8.953500000e-01,9.046500000e-01,3.599298810e-01
-9.200000000e-03,8.954000000e-01,9.046000000e-01,3.602446170e-01
-9.100000000e-03,8.954500000e-01,9.045500000e-01,3.605626500e-01
-9.000000000e-03,8.955000000e-01,9.045000000e-01,3.608840760e-01
-8.900000000e-03,8.955500000e-01,9.044500000e-01,3.612089960e-01
-8.800000000e-03,8.956000000e-01,9.044000000e-01,3.615375150e-01
-8.700000000e-03,8.956500000e-01,9.043500000e-01,3.618697450e-01
-8.600000000e-03,8.957000000e-01,9.043000000e-01,3.622058010e-01
-8.500000000e-03,8.957500000e-01,9.042500000e-01,3.625458070e-01
-8.400000000e-03,8.958000000e-01,9.042000000e-01,3.628898920e-01
-8.300000000e-03,8.958500000e-01,9.041500000e-01,3.632381930e-01
-8.200000000e-03,8.959000000e-01,9.041000000e-01,3.635908530e-01
-8.100000000e-03,8.959500000e-01,9.040500000e-01,3.639480250e-01
-8.000000000e-03,8.960000000e-01,9.040000000e-01,3.643098700e-01
-7.900000000e-03,8.960500000e-01,9.039500000e-01,3.646765610e-01
-7.800000000e-03,8.961000000e-01,9.039000000e-01,3.650482780e-01
-7.700000000e-03,8.961500000e-01,9.038500000e-01,3.654252150e-01
-7.600000000e-03,8.962000000e-01,9.038000000e-01,3.658075780e-01
-7.500000000e-03,8.962500000e-01,9.037500000e-01,3.661955860e-01
-7.400000000e-03,8.963000000e-01,9.037000000e-01,3.665894750e-01
-7.300000000e-03,8.963500000e-01,9.036500000e-01,3.669894950e-01
-7.200000000e-03,8.964000000e-01,9.036000000e-01,3.673959170e-01
-7.100000000e-03,8.964500000e-01,9.035500000e-01,3.678090290e-01
-7.000000000e-03,8.965000000e-01,9.035000000e-01,3.682291440e-01
-6.900000000e-03,8.965500000e-01,9.034500000e-01,3.686565990e-01
-6.800000000e-03,8.966000000e-01,9.034000000e-01,3.690917570e-01
-6.700000000e-03,8.966500000e-01,9.033500000e-01,3.695350150e-01
-6.600000000e-03,8.967000000e-01,9.033000000e-01,3.699868030e-01
-6.500000000e-03,8.967500000e-01,9.032500000e-01,3.704475890e-01
-6.400000000e-03,8.968000000e-01,9.032000000e-01,3.709178870e-01
-6.300000000e-03,8.968500000e-01,9.031500000e-01,3.713982600e-01
-6.200000000e-03,8.969000000e-01,9.031000000e-01,3.718893310e-01
-6.100000000e-03,8.969500000e-01,9.030500000e-01,3.723917870e-01
-6.000000000e-03,8.970000000e-01,9.030000000e-01,3.729063910e-01
-5.900000000e-03,8.970500000e-01,9.029500000e-01,3.734339960e-01
-5.800000000e-03,8.971000000e-01,9.029000000e-01,3.739755590e-01
-5.700000000e-03,8.971500000e-01,9.028500000e-01,3.745321590e-01
-5.600000000e-03,8.972000000e-01,9.028000000e-01,3.751050210e-01
-5.500000000e-03,8.972500000e-01,9.027500000e-01,3.756955460e-01
-5.400000000e-03,8.973000000e-01,9.027000000e-01,3.763053460e-01
-5.300000000e-03,8.973500000e-01,9.026500000e-01,3.769362910e-01
-5.200000000e-03,8.974000000e-01,9.026000000e-01,3.775905780e-01
-5.100000000e-03,8.974500000e-01,9.025500000e-01,3.782708060e-01
-5.000000000e-03,8.975000000e-01,9.025000000e-01,3.789800950e-01
-4.900000000e-03,8.975500000e-01,9.024500000e-01,3.797222440e-01
-4.800000000e-03,8.976000000e-01,9.024000000e-01,3.805019520e-01
-4.700000000e-03,8.976500000e-01,9.023500000e-01,3.813251570e-01
-4.600000000e-03,8.977000000e-01,9.023000000e-01,3.821995390e-01
-4.500000000e-03,8.977500000e-01,9.022500000e-01,3.831353370e-01
-4.400000000e-03,8.978000000e-01,9.022000000e-01,3.841467230e-01
-4.300000000e-03,8.978500000e-01,9.021500000e-01,3.852543120e-01
-4.200000000e-03,8.979000000e-01,9.021000000e-01,3.864901750e-01
-4.100000000e-03,8.979500000e-01,9.020500000e-01,3.879093380e-01
-4.000000000e-03,8.980000000e-01,9.020000000e-01,3.896220920e-01
-3.900000000e-03,8.980500000e-01,9.019500000e-01,3.919241040e-01
-3.800000000e-03,8.981000000e-01,9.019000000e-01,4.004421460e-01
-3.700000000e-03,8.981500000e-01,9.018500000e-01,4.212577310e-01
-3.600000000e-03,8.982000000e-01,9.018000000e-01,4.420707710e-01
-3.500000000e-03,8.982500000e-01,9.017500000e-01,4.628895640e-01
-3.400000000e-03,8.983000000e-01,9.017000000e-01,4.837112190e-01
-3.300000000e-03,8.983500000e-01,9.016500000e-01,5.045357110e-01
-3.200000000e-03,8.984000000e-01,9.016000000e-01,5.253630170e-01
-3.100000000e-03,8.984500000e-01,9.015500000e-01,5.461931110e-01
-3.000000000e-03,8.985000000e-01,9.015000000e-01,5.670259710e-01
-2.900000000e-03,8.985500000e-01,9.014500000e-01,5.878615710e-01
-2.800000000e-03,8.986000000e-01,9.014000000e-01,6.086998880e-01
-2.700000000e-03,8.986500000e-01,9.013500000e-01,6.295408970e-01
-2.600000000e-03,8.987000000e-01,9.013000000e-01,6.503845740e-01
-2.500000000e-03,8.987500000e-01,9.012500000e-01,6.712308950e-01
-2.400000000e-03,8.988000000e-01,9.012000000e-01,6.920798350e-01
-2.300000000e-03,8.988500000e-01,9.011500000e-01,7.129313700e-01
-2.200000000e-03,8.989000000e-01,9.011000000e-01,7.337854760e-01
-2.100000000e-03,8.989500000e-01,9.010500000e-01,7.546421290e-01
-2.000000000e-03,8.990000000e-01,9.010000000e-01,7.755013030e-01
-1.900000000e-03,8.990500000e-01,9.009500000e-01,7.963629750e-01
-1.800000000e-03,8.991000000e-01,9.009000000e-01,8.172271210e-01
-1.700000000e-03,8.991500000e-01,9.008500000e-01,8.380937150e-01
-1.600000000e-03,8.992000000e-01,9.008000000e-01,8.589627340e-01
-1.500000000e-03,8.992500000e-01,9.007500000e-01,8.798341520e-01
-1.400000000e-03,8.993000000e-01,9.007000000e-01,9.007079460e-01
-1.300000000e-03,8.993500000e-01,9.006500000e-01,9.215840920e-01
-1.200000000e-03,8.994000000e-01,9.006000000e-01,9.424625630e-01
-1.100000000e-03,8.994500000e-01,9.005500000e-01,9.633433370e-01
-1.000000000e-03,8.995000000e-01,9.005000000e-01,9.842263890e-01
-9.000000000e-04,8.995500000e-01,9.004500000e-01,1.005111690e+00
-8.000000000e-04,8.996000000e-01,9.004000000e-01,1.025999230e+00
-7.000000000e-04,8.996500000e-01,9.003500000e-01,1.046888960e+00
-6.000000000e-04,8.997000000e-01,9.003000000e-01,1.067780880e+00
-5.000000000e-04,8.997500000e-01,9.002500000e-01,1.088674950e+00
-4.000000000e-04,8.998000000e-01,9.002000000e-01,1.109571150e+00
-3.000000000e-04,8.998500000e-01,9.001500000e-01,1.130469460e+00
-2.000000000e-04,8.999000000e-01,9.001000000e-01,1.151369850e+00
-1.000000000e-04,8.999500000e-01,9.000500000e-01,1.172272290e+00
-6.071532170e-17,9.000000000e-01,9.000000000e-01,1.193176760e+00
1.000000000e-04,9.000500000e-01,8.999500000e-01,1.214083250e+00
2.000000000e-04,9.001000000e-01,8.999000000e-01,1.234991710e+00
3.000000000e-04,9.001500000e-01,8.998500000e-01,1.255902130e+00
4.000000000e-04,9.002000000e-01,8.998000000e-01,1.276814490e+00
5.000000000e-04,9.002500000e-01,8.997500000e-01,1.297728750e+00
6.000000000e-04,9.003000000e-01,8.997000000e-01,1.318644900e+00
7.000000000e-04,9.003500000e-01,8.996500000e-01,1.339562910e+00
8.000000000e-04,9.004000000e-01,8.996000000e-01,1.360482750e+00
9.000000000e-04,9.004500000e-01,8.995500000e-01,1.381404390e+00
1.000000000e-03,9.005000000e-01,8.995000000e-01,1.402327830e+00
1.100000000e-03,9.005500000e-01,8.994500000e-01,1.423253020e+00
1.200000000e-03,9.006000000e-01,8.994000000e-01,1.444179950e+00
1.300000000e-03,9.006500000e-01,8.993500000e-01,1.465108580e+00
1.400000000e-03,9.007000000e-01,8.993000000e-01,1.486038910e+00
1.500000000e-03,9.007500000e-01,8.992500000e-01,1.506970890e+00
1.600000000e-03,9.008000000e-01,8.992000000e-01,1.527904510e+00
1.700000000e-03,9.008500000e-01,8.991500000e-01,1.548839740e+00
1.800000000e-03,9.009000000e-01,8.991000000e-01,1.569776550e+00
1.900000000e-03,9.009500000e-01,8.990500000e-01,1.590714930e+00
2.000000000e-03,9.010000000e-01,8.990000000e-01,1.611654840e+00
2.100000000e-03,9.010500000e-01,8.989500000e-01,1.632596270e+00
2.200000000e-03,9.011000000e-01,8.989000000e-01,1.646437750e+00
2.300000000e-03,9.011500000e-01,8.988500000e-01,1.649514290e+00
2.400000000e-03,9.012000000e-01,8.988000000e-01,1.651135770e+00
2.500000000e-03,9.012500000e-01,8.987500000e-01,1.652685870e+00
2.600000000e-03,9.013000000e-01,8.987000000e-01,1.654117340e+00
2.700000000e-03,9.013500000e-01,8.986500000e-01,1.655392560e+00
2.800000000e-03,9.014000000e-01,8.986000000e-01,1.656551660e+00
2.900000000e-03,9.014500000e-01,8.985500000e-01,1.657621280e+00
3.000000000e-03,9.015000000e-01,8.985000000e-01,1.658618640e+00
3.100000000e-03,9.015500000e-01,8.984500000e-01,1.659556090e+00
3.200000000e-03,9.016000000e-01,8.984000000e-01,1.660442810e+00
3.300000000e-03,9.016500000e-01,8.983500000e-01,1.661285880e+00
3.400000000e-03,9.017000000e-01,8.983000000e-01,1.662090840e+00
3.500000000e-03,9.017500000e-01,8.982500000e-01,1.662862170e+00
3.600000000e-03,9.018000000e-01,8.982000000e-01,1.663603540e+00
3.700000000e-03,9.018500000e-01,8.981500000e-01,1.664318000e+00
3.800000000e-03,9.019000000e-01,8.981000000e-01,1.665008090e+00
3.900000000e-03,9.019500000e-01,8.980500000e-01,1.665676000e+00
4.000000000e-03,9.020000000e-01,8.980000000e-01,1.666323600e+00
4.100000000e-03,9.020500000e-01,8.979500000e-01,1.666952520e+00
4.200000000e-03,9.021000000e-01,8.979000000e-01,1.667564170e+00
4.300000000e-03,9.021500000e-01,8.978500000e-01,1.668159800e+00
4.400000000e-03,9.022000000e-01,8.978000000e-01,1.668740510e+00
4.500000000e-03,9.022500000e-01,8.977500000e-01,1.669307290e+00
4.600000000e-03,9.023000000e-01,8.977000000e-01,1.669861010e+00
4.700000000e-03,9.023500000e-01,8.976500000e-01,1.670402470e+00
4.800000000e-03,9.024000000e-01,8.976000000e-01,1.670932380e+00
4.900000000e-03,9.024500000e-01,8.975500000e-01,1.671451390e+00
5.000000000e-03,9.025000000e-01,8.975000000e-01,1.671960090e+00
5.100000000e-03,9.025500000e-01,8.974500000e-01,1.672459020e+00
5.200000000e-03,9.026000000e-01,8.974000000e-01,1.672948660e+00
5.300000000e-03,9.026500000e-01,8.973500000e-01,1.673429480e+00
5.400000000e-03,9.027000000e-01,8.973000000e-01,1.673901880e+00
5.500000000e-03,9.027500000e-01,8.972500000e-01,1.674366260e+00
5.600000000e-03,9.028000000e-01,8.972000000e-01,1.674822970e+00
5.700000000e-03,9.028500000e-01,8.971500000e-01,1.675272340e+00
5.800000000e-03,9.029000000e-01,8.971000000e-01,1.675714680e+00
5.900000000e-03,9.029500000e-01,8.970500000e-01,1.676150280e+00
6.000000000e-03,9.030000000e-01,8.970000000e-01,1.676579400e+00
6.100000000e-03,9.030500000e-01,8.969500000e-01,1.677002300e+00
6.200000000e-03,9.031000000e-01,8.969000000e-01,1.677419220e+00
6.300000000e-03,9.031500000e-01,8.968500000e-01,1.677830360e+00
6.400000000e-03,9.032000000e-01,8.968000000e-01,1.678235950e+00
6.500000000e-03,9.032500000e-01,8.967500000e-01,1.678636170e+00
6.600000000e-03,9.033000000e-01,8.967000000e-01,1.679031200e+00
6.700000000e-03,9.033500000e-01,8.966500000e-01,1.679421240e+00
6.800000000e-03,9.034000000e-01,8.966000000e-01,1.679806430e+00
6.900000000e-03,9.034500000e-01,8.965500000e-01,1.680186930e+00
7.000000000e-03,9.035000000e-01,8.965000000e-01,1.680562900e+00
7.100000000e-03,9.035500000e-01,8.964500000e-01,1.680934460e+00
7.200000000e-03,9.036000000e-01,8.964000000e-01,1.681301760e+00
7.300000000e-03,9.036500000e-01,8.963500000e-01,1.681664920e+00
7.400000000e-03,9.037000000e-01,8.963000000e-01,1.682024060e+00
7.500000000e-03,9.037500000e-01,8.962500000e-01,1.682379290e+00
7.600000000e-03,9.038000000e-01,8.962000000e-01,1.682730730e+00
7.700000000e-03,9.038500000e-01,8.961500000e-01,1.683078470e+00
7.800000000e-03,9.039000000e-01,8.961000000e-01,1.683422630e+00
7.900000000e-03,9.039500000e-01,8.960500000e-01,1.683763280e+00
8.000000000e-03,9.040000000e-01,8.960000000e-01,1.684100540e+00
8.100000000e-03,9.040500000e-01,8.959500000e-01,1.684434470e+00
8.200000000e-03,9.041000000e-01,8.959000000e-01,1.684765170e+00
8.300000000e-03,9.041500000e-01,8.958500000e-01,1.685092710e+00
8.400000000e-03,9.042000000e-01,8.958000000e-01,1.685417170e+00
8.500000000e-03,9.042500000e-01,8.957500000e-01,1.685738630e+00
8.600000000e-03,9.043000000e-01,8.957000000e-01,1.686057160e+00
8.700000000e-03,9.043500000e-01,8.956500000e-01,1.686372820e+00
8.800000000e-03,9.044000000e-01,8.956000000e-01,1.686685680e+00
8.900000000e-03,9.044500000e-01,8.955500000e-01,1.686995810e+00
9.000000000e-03,9.045000000e-01,8.955000000e-01,1.687303260e+00
9.100000000e-03,9.045500000e-01,8.954500000e-01,1.687608090e+00
9.200000000e-03,9.046000000e-01,8.954000000e-01,1.687910360e+00
9.300000000e-03,9.046500000e-01,8.953500000e-01,1.688210130e+00
9.400000000e-03,9.047000000e-01,8.953000000e-01,1.688507440e+00
9.500000000e-03,9.047500000e-01,8.952500000e-01,1.688802350e+00
9.600000000e-03,9.048000000e-01,8.952000000e-01,1.689094900e+00
9.700000000e-03,9.048500000e-01,8.951500000e-01,1.689385150e+00
9.800000000e-03,9.049000000e-01,8.951000000e-01,1.689673140e+00
9.900000000e-03,9.049500000e-01,8.950500000e-01,1.689958910e+00
1.000000000e-02,9.050000000e-01,8.950000000e-01,1.690242510e+00
1.010000000e-02,9.050500000e-01,8.949500000e-01,1.690523980e+00
1.020000000e-02,9.051000000e-01,8.949000000e-01,1.690803360e+00
1.030000000e-02,9.051500000e-01,8.948500000e-01,1.691080680e+00
1.040000000e-02,9.052000000e-01,8.948000000e-01,1.691355990e+00
1.050000000e-02,9.052500000e-01,8.947500000e-01,1.691629330e+00
1.060000000e-02,9.053000000e-01,8.947000000e-01,1.691900720e+00
1.070000000e-02,9.053500000e-01,8.946500000e-01,1.692170200e+00
1.080000000e-02,9.054000000e-01,8.946000000e-01,1.692437810e+00
1.090000000e-02,9.054500000e-01,8.945500000e-01,1.692703570e+00
1.100000000e-02,9.055000000e-01,8.945000000e-01,1.692967530e+00
1.110000000e-02,9.055500000e-01,8.944500000e-01,1.693229710e+00
1.120000000e-02,9.056000000e-01,8.944000000e-01,1.693490140e+00
1.130000000e-02,9.056500000e-01,8.943500000e-01,1.693748850e+00
1.140000000e-02,9.057000000e-01,8.943000000e-01,1.694005870e+00
1.150000000e-02,9.057500000e-01,8.942500000e-01,1.694261220e+00
1.160000000e-02,9.058000000e-01,8.942000000e-01,1.694514940e+00
1.170000000e-02,9.058500000e-01,8.941500000e-01,1.694767040e+00
1.180000000e-02,9.059000000e-01,8.941000000e-01,1.695017560e+00
1.190000000e-02,9.059500000e-01,8.940500000e-01,1.695266520e+00
1.200000000e-02,9.060000000e-01,8.940000000e-01,1.695513930e+00
1.210000000e-02,9.060500000e-01,8.939500000e-01,1.695759840e+00
1.220000000e-02,9.061000000e-01,8.939000000e-01,1.696004260e+00
1.230000000e-02,9.061500000e-01,8.938500000e-01,1.696247200e+00
1.240000000e-02,9.062000000e-01,8.938000000e-01,1.696488700e+00
1.250000000e-02,9.062500000e-01,8.937500000e-01,1.696728780e+00
1.260000000e-02,9.063000000e-01,8.937000000e-01,1.696967450e+00
1.270000000e-02,9.063500000e-01,8.936500000e-01,1.697204730e+00
1.280000000e-02,9.064000000e-01,8.936000000e-01,1.697440650e+00
1.290000000e-02,9.064500000e-01,8.935500000e-01,1.697675230e+00
1.300000000e-02,9.065000000e-01,8.935000000e-01,1.697908470e+00
1.310000000e-02,9.065500000e-01,8.934500000e-01,1.698140410e+00
1.320000000e-02,9.066000000e-01,8.934000000e-01,1.698371070e+00
1.330000000e-02,9.066500000e-01,8.933500000e-01,1.698600440e+00
1.340000000e-02,9.067000000e-01,8.933000000e-01,1.698828560e+00
1.350000000e-02,9.067500000e-01,8.932500000e-01,1.699055450e+00
1.360000000e-02,9.068000000e-01,8.932000000e-01,1.699281110e+00
1.370000000e-02,9.068500000e-01,8.931500000e-01,1.699505570e+00
1.380000000e-02,9.069000000e-01,8.931000000e-01,1.699728830e+00
1.390000000e-02,9.069500000e-01,8.930500000e-01,1.699950920e+00
1.400000000e-02,9.070000000e-01,8.930000000e-01,1.700171850e+00
1.410000000e-02,9.070500000e-01,8.929500000e-01,1.700391640e+00
1.420000000e-02,9.071000000e-01,8.929000000e-01,1.700610290e+00
1.430000000e-02,9.071500000e-01,8.928500000e-01,1.700827830e+00
1.440000000e-02,9.072000000e-01,8.928000000e-01,1.701044270e+00
1.450000000e-02,9.072500000e-01,8.927500000e-01,1.701259620e+00
1.460000000e-02,9.073000000e-01,8.927000000e-01,1.701473890e+00
1.470000000e-02,9.073500000e-01,8.926500000e-01,1.701687100e+00
1.480000000e-02,9.074000000e-01,8.926000000e-01,1.701899260e+00
1.490000000e-02,9.074500000e-01,8.925500000e-01,1.702110380e+00
1.500000000e-02,9.075000000e-01,8.925000000e-01,1.702320480e+00
1.510000000e-02,9.075500000e-01,8.924500000e-01,1.702529560e+00
1.520000000e-02,9.076000000e-01,8.924000000e-01,1.702737650e+00
1.530000000e-02,9.076500000e-01,8.923500000e-01,1.702944740e+00
1.540000000e-02,9.077000000e-01,8.923000000e-01,1.703150850e+00
1.550000000e-02,9.077500000e-01,8.922500000e-01,1.703356000e+00
1.560000000e-02,9.078000000e-01,8.922000000e-01,1.703560190e+00
1.570000000e-02,9.078500000e-01,8.921500000e-01,1.703763440e+00
1.580000000e-02,9.079000000e-01,8.921000000e-01,1.703965750e+00
1.590000000e-02,9.079500000e-01,8.920500000e-01,1.704167140e+00
1.600000000e-02,9.080000000e-01,8.920000000e-01,1.704367610e+00
1.610000000e-02,9.080500000e-01,8.919500000e-01,1.704567180e+00
1.620000000e-02,9.081000000e-01,8.919000000e-01,1.704765850e+00
1.630000000e-02,9.081500000e-01,8.918500000e-01,1.704963640e+00
1.640000000e-02,9.082000000e-01,8.918000000e-01,1.705160560e+00
1.650000000e-02,9.082500000e-01,8.917500000e-01,1.705356600e+00
1.660000000e-02,9.083000000e-01,8.917000000e-01,1.705551790e+00
1.670000000e-02,9.083500000e-01,8.916500000e-01,1.705746130e+00
1.680000000e-02,9.084000000e-01,8.916000000e-01,1.705939640e+00
1.690000000e-02,9.084500000e-01,8.915500000e-01,1.706132310e+00
1.700000000e-02,9.085000000e-01,8.915000000e-01,1.706324160e+00
1.710000000e-02,9.085500000e-01,8.914500000e-01,1.706515190e+00
1.720000000e-02,9.086000000e-01,8.914000000e-01,1.706705420e+00
1.730000000e-02,9.086500000e-01,8.913500000e-01,1.706894860e+00
1.740000000e-02,9.087000000e-01,8.913000000e-01,1.707083500e+00
1.750000000e-02,9.087500000e-01,8.912500000e-01,1.707271360e+00
1.760000000e-02,9.088000000e-01,8.912000000e-01,1.707458450e+00
1.770000000e-02,9.088500000e-01,8.911500000e-01,1.707644770e+00
1.780000000e-02,9.089000000e-01,8.911000000e-01,1.707830330e+00
1.790000000e-02,9.089500000e-01,8.910500000e-01,1.708015140e+00
1.800000000e-02,9.090000000e-01,8.910000000e-01,1.708199210e+00
1.810000000e-02,9.090500000e-01,8.909500000e-01,1.708382530e+00
1.820000000e-02,9.091000000e-01,8.909000000e-01,1.708565130e+00
1.830000000e-02,9.091500000e-01,8.908500000e-01,1.708747010e+00
1.840000000e-02,9.092000000e-01,8.908000000e-01,1.708928160e+00
1.850000000e-02,9.092500000e-01,8.907500000e-01,1.709108610e+00
1.860000000e-02,9.093000000e-01,8.907000000e-01,1.709288360e+00
1.870000000e-02,9.093500000e-01,8.906500000e-01,1.709467410e+00
1.880000000e-02,9.094000000e-01,8.906000000e-01,1.709645760e+00
1.890000000e-02,9.094500000e-01,8.905500000e-01,1.709823430e+00
1.900000000e-02,9.095000000e-01,8.905000000e-01,1.710000430e+00
1.910000000e-02,9.095500000e-01,8.904500000e-01,1.710176750e+00
1.920000000e-02,9.096000000e-01,8.904000000e-01,1.710352410e+00
1.930000000e-02,9.096500000e-01,8.903500000e-01,1.710527410e+00
1.940000000e-02,9.097000000e-01,8.903000000e-01,1.710701750e+00
1.950000000e-02,9.097500000e-01,8.902500000e-01,1.710875440e+00
1.960000000e-02,9.098000000e-01,8.902000000e-01,1.711048490e+00
1.970000000e-02,9.098500000e-01,8.901500000e-01,1.711220910e+00
1.980000000e-02,9.099000000e-01,8.901000000e-01,1.711392690e+00
1.990000000e-02,9.099500000e-01,8.900500000e-01,1.711563840e+00
2.000000000e-02,9.100000000e-01,8.900000000e-01,1.711734380e+00
